"id","time","kemendagri_kabupaten_kode","kemendagri_kabupaten_nama","street","type","avg_location","total_records","date"
5930859,2022-07-06 13:00:00.000,"32.74",KOTA CIREBON,KS Tubun,JAM,"[108.55824211904762, -6.71195930952381]",42,2022-07-06
5930860,2022-07-06 16:00:00.000,"32.74",KOTA CIREBON,Gudang,JAM,"[108.56118199999995, -6.721341999999996]",26,2022-07-06
5930861,2022-07-06 17:00:00.000,"32.74",KOTA CIREBON,Gudang,JAM,"[108.56118200000002, -6.721342]",6,2022-07-06
5935283,2022-07-07 10:00:00.000,"32.74",KOTA CIREBON,Tuparev,JAM,"[108.54877799999997, -6.711917]",27,2022-07-07
5935284,2022-07-07 11:00:00.000,"32.74",KOTA CIREBON,Tol Palimanan-Kanci,WEATHERHAZARD,"[108.55351500000005, -6.775373000000001]",22,2022-07-07
5935285,2022-07-07 11:00:00.000,"32.74",KOTA CIREBON,Tuparev,JAM,"[108.548778, -6.711917]",5,2022-07-07
5935286,2022-07-07 12:00:00.000,"32.74",KOTA CIREBON,Slamet Riyadi,JAM,"[108.55130099999998, -6.700747999999999]",7,2022-07-07
5935287,2022-07-07 12:00:00.000,"32.74",KOTA CIREBON,Tol Palimanan-Kanci,WEATHERHAZARD,"[108.55351500000003, -6.775373000000001]",9,2022-07-07
5935288,2022-07-07 14:00:00.000,"32.74",KOTA CIREBON,Tol Palimanan-Kanci,JAM,"[108.55341980000003, -6.775365200000001]",15,2022-07-07
5935289,2022-07-07 15:00:00.000,"32.74",KOTA CIREBON,Tol Palimanan-Kanci,JAM,"[108.5539157058823, -6.775392999999997]",34,2022-07-07
5935290,2022-07-07 15:00:00.000,"32.74",KOTA CIREBON,Tol Palimanan-Kanci,WEATHERHAZARD,"[108.55355139805829, -6.775360815533981]",103,2022-07-07
5935291,2022-07-07 16:00:00.000,"32.74",KOTA CIREBON,Tol Palimanan-Kanci,WEATHERHAZARD,"[108.55310140000016, -6.775329866666675]",60,2022-07-07
5935292,2022-07-07 17:00:00.000,"32.74",KOTA CIREBON,N14 Jenderal Ahmad Yani,JAM,"[108.56566300000003, -6.742227999999998]",16,2022-07-07
5935293,2022-07-07 17:00:00.000,"32.74",KOTA CIREBON,Tol Palimanan-Kanci,WEATHERHAZARD,"[108.55386400000016, -6.7753900000000025]",61,2022-07-07
5935294,2022-07-07 18:00:00.000,"32.74",KOTA CIREBON,N14 Jenderal Ahmad Yani,JAM,"[108.56566300000003, -6.742227999999998]",16,2022-07-07
5935295,2022-07-07 18:00:00.000,"32.74",KOTA CIREBON,Tol Palimanan-Kanci,JAM,"[108.55416917391304, -6.775404086956519]",23,2022-07-07
5935296,2022-07-07 18:00:00.000,"32.74",KOTA CIREBON,Tol Palimanan-Kanci,WEATHERHAZARD,"[108.55386399999999, -6.7753899999999945]",36,2022-07-07
5935297,2022-07-07 19:00:00.000,"32.74",KOTA CIREBON,Tol Palimanan-Kanci,JAM,"[108.55328, -6.775359]",10,2022-07-07
5940269,2022-07-08 10:00:00.000,"32.74",KOTA CIREBON,N14 Jenderal Sudirman,JAM,"[108.54498900000002, -6.742019000000001]",21,2022-07-08
5940270,2022-07-08 11:00:00.000,"32.74",KOTA CIREBON,N14 Jenderal Sudirman,JAM,"[108.53683440000005, -6.753641000000002]",30,2022-07-08
5940271,2022-07-08 12:00:00.000,"32.74",KOTA CIREBON,N14 Jenderal Sudirman,JAM,"[108.53139800000001, -6.7613889999999985]",13,2022-07-08
5940272,2022-07-08 13:00:00.000,"32.74",KOTA CIREBON,Kanoman,JAM,"[108.56755599999998, -6.720647]",7,2022-07-08
5940273,2022-07-08 13:00:00.000,"32.74",KOTA CIREBON,Kesambi,JAM,"[108.55931600000001, -6.726550999999999]",20,2022-07-08
5940274,2022-07-08 15:00:00.000,"32.74",KOTA CIREBON,N14 Jenderal Sudirman,JAM,"[108.54371599999997, -6.743881]",20,2022-07-08
5940275,2022-07-08 16:00:00.000,"32.74",KOTA CIREBON,N14 Jenderal Sudirman,JAM,"[108.54371599999999, -6.743881]",10,2022-07-08
5940276,2022-07-08 17:00:00.000,"32.74",KOTA CIREBON,Tentara Pelajar,JAM,"[108.55729900000004, -6.715919]",13,2022-07-08
5944726,2022-07-09 02:00:00.000,"32.74",KOTA CIREBON,Tol Palimanan-Kanci,WEATHERHAZARD,"[108.54365000000004, -6.7732739999999945]",33,2022-07-09
5944727,2022-07-09 03:00:00.000,"32.74",KOTA CIREBON,Tol Palimanan-Kanci,WEATHERHAZARD,"[108.54365000000003, -6.773274]",19,2022-07-09
5944728,2022-07-09 08:00:00.000,"32.74",KOTA CIREBON,Tol Palimanan-Kanci,WEATHERHAZARD,"[108.543948, -6.773373]",25,2022-07-09
5944729,2022-07-09 09:00:00.000,"32.74",KOTA CIREBON,N14 Jenderal Sudirman,JAM,"[108.543299, -6.744652]",4,2022-07-09
5944730,2022-07-09 09:00:00.000,"32.74",KOTA CIREBON,Tol Palimanan-Kanci,WEATHERHAZARD,"[108.543948, -6.773372999999999]",29,2022-07-09
5944731,2022-07-09 10:00:00.000,"32.74",KOTA CIREBON,Exit 203 : Ciperna/Cirebon/Kuningan,JAM,"[108.529126, -6.760370000000001]",6,2022-07-09
5944732,2022-07-09 10:00:00.000,"32.74",KOTA CIREBON,N14 Jenderal Sudirman,JAM,"[108.53863659999992, -6.751245599999995]",45,2022-07-09
5944733,2022-07-09 11:00:00.000,"32.74",KOTA CIREBON,N14 Jenderal Sudirman,JAM,"[108.53164300000002, -6.761135999999998]",13,2022-07-09
5944734,2022-07-09 19:00:00.000,"32.74",KOTA CIREBON,Tol Palimanan-Kanci,JAM,"[108.544997, -6.773702]",2,2022-07-09
5944735,2022-07-09 20:00:00.000,"32.74",KOTA CIREBON,Tol Palimanan-Kanci,JAM,"[108.544997, -6.773702]",4,2022-07-09
5952106,2022-07-11 14:00:00.000,"32.74",KOTA CIREBON,N14 Jenderal Sudirman,WEATHERHAZARD,"[108.53756299999996, -6.756127999999999]",30,2022-07-11
5952107,2022-07-11 16:00:00.000,"32.74",KOTA CIREBON,N14 Jenderal Sudirman,JAM,"[108.545159, -6.741892000000001]",14,2022-07-11
5952108,2022-07-11 17:00:00.000,"32.74",KOTA CIREBON,N14 Jenderal Sudirman,JAM,"[108.545159, -6.741892000000003]",18,2022-07-11
5956657,2022-07-12 11:00:00.000,"32.74",KOTA CIREBON,N14 Jenderal Sudirman,JAM,"[108.54567099999998, -6.741607000000001]",8,2022-07-12
5956658,2022-07-12 11:00:00.000,"32.74",KOTA CIREBON,Tol Palimanan-Kanci,WEATHERHAZARD,"[108.55253599999999, -6.775278]",14,2022-07-12
5956659,2022-07-12 12:00:00.000,"32.74",KOTA CIREBON,N14 Jenderal Sudirman,JAM,"[108.545671, -6.741606999999999]",23,2022-07-12
5956660,2022-07-12 12:00:00.000,"32.74",KOTA CIREBON,Tol Palimanan-Kanci,WEATHERHAZARD,"[108.55253600000009, -6.77527800000001]",60,2022-07-12
5956661,2022-07-12 13:00:00.000,"32.74",KOTA CIREBON,Tol Palimanan-Kanci,WEATHERHAZARD,"[108.55253600000009, -6.77527800000001]",60,2022-07-12
5956662,2022-07-12 14:00:00.000,"32.74",KOTA CIREBON,Tol Palimanan-Kanci,JAM,"[108.55381800000002, -6.775388]",3,2022-07-12
5956663,2022-07-12 14:00:00.000,"32.74",KOTA CIREBON,Tol Palimanan-Kanci,WEATHERHAZARD,"[108.55253600000009, -6.77527800000001]",61,2022-07-12
5956664,2022-07-12 15:00:00.000,"32.74",KOTA CIREBON,Lawang Gada,JAM,"[108.56163999999993, -6.724970000000004]",29,2022-07-12
5956665,2022-07-12 15:00:00.000,"32.74",KOTA CIREBON,Tol Palimanan-Kanci,JAM,"[108.55360690909093, -6.775377090909092]",11,2022-07-12
5956666,2022-07-12 15:00:00.000,"32.74",KOTA CIREBON,Tol Palimanan-Kanci,WEATHERHAZARD,"[108.55253600000009, -6.77527800000001]",59,2022-07-12
5956667,2022-07-12 16:00:00.000,"32.74",KOTA CIREBON,Lawang Gada,JAM,"[108.56164, -6.72497]",4,2022-07-12
5956668,2022-07-12 16:00:00.000,"32.74",KOTA CIREBON,Tol Palimanan-Kanci,JAM,"[108.55378900000004, -6.775385999999998]",12,2022-07-12
5956669,2022-07-12 16:00:00.000,"32.74",KOTA CIREBON,Tol Palimanan-Kanci,WEATHERHAZARD,"[108.55253600000009, -6.77527800000001]",60,2022-07-12
5956670,2022-07-12 17:00:00.000,"32.74",KOTA CIREBON,Tol Palimanan-Kanci,WEATHERHAZARD,"[108.55253600000009, -6.77527800000001]",60,2022-07-12
5956671,2022-07-12 18:00:00.000,"32.74",KOTA CIREBON,Tol Palimanan-Kanci,WEATHERHAZARD,"[108.55253600000009, -6.77527800000001]",60,2022-07-12
5956672,2022-07-12 19:00:00.000,"32.74",KOTA CIREBON,Dokter Cipto Mangunkusumo,JAM,"[108.5508, -6.714774000000004]",30,2022-07-12
5956673,2022-07-12 19:00:00.000,"32.74",KOTA CIREBON,Tol Palimanan-Kanci,WEATHERHAZARD,"[108.55253600000009, -6.77527800000001]",60,2022-07-12
5956674,2022-07-12 20:00:00.000,"32.74",KOTA CIREBON,Siliwangi,JAM,"[108.55922599999998, -6.708544]",25,2022-07-12
5956675,2022-07-12 20:00:00.000,"32.74",KOTA CIREBON,Tol Palimanan-Kanci,WEATHERHAZARD,"[108.55253600000009, -6.77527800000001]",60,2022-07-12
5956676,2022-07-12 21:00:00.000,"32.74",KOTA CIREBON,Siliwangi,JAM,"[108.55922599999998, -6.708544000000002]",7,2022-07-12
5956677,2022-07-12 21:00:00.000,"32.74",KOTA CIREBON,Tol Palimanan-Kanci,WEATHERHAZARD,"[108.55253600000009, -6.77527800000001]",60,2022-07-12
5956678,2022-07-12 22:00:00.000,"32.74",KOTA CIREBON,Tol Palimanan-Kanci,WEATHERHAZARD,"[108.55253600000009, -6.77527800000001]",60,2022-07-12
5956679,2022-07-12 23:00:00.000,"32.74",KOTA CIREBON,Tol Palimanan-Kanci,WEATHERHAZARD,"[108.55253600000007, -6.775278000000008]",48,2022-07-12
5961501,2022-07-13 16:00:00.000,"32.74",KOTA CIREBON,Pekalipan,JAM,"[108.56307999999993, -6.724277999999999]",27,2022-07-13
5961502,2022-07-13 17:00:00.000,"32.74",KOTA CIREBON,Pekalipan,JAM,"[108.56307999999999, -6.724278]",5,2022-07-13
5961503,2022-07-13 22:00:00.000,"32.74",KOTA CIREBON,N1 Sisingamangaraja,JAM,"[108.56707400000003, -6.713725000000003]",31,2022-07-13
5966424,2022-07-14 13:00:00.000,"32.74",KOTA CIREBON,Tol Palimanan-Kanci,WEATHERHAZARD,"[108.54122800000003, -6.772511]",11,2022-07-14
5966425,2022-07-14 14:00:00.000,"32.74",KOTA CIREBON,Tol Palimanan-Kanci,JAM,"[108.541322, -6.772554000000001]",5,2022-07-14
5966426,2022-07-14 14:00:00.000,"32.74",KOTA CIREBON,Tol Palimanan-Kanci,WEATHERHAZARD,"[108.54122800000003, -6.772511000000005]",60,2022-07-14
5966427,2022-07-14 15:00:00.000,"32.74",KOTA CIREBON,Tol Palimanan-Kanci,WEATHERHAZARD,"[108.541228, -6.772511]",2,2022-07-14
5966428,2022-07-14 21:00:00.000,"32.74",KOTA CIREBON,,ACCIDENT,"[108.55582000000003, -6.706894000000004]",30,2022-07-14
5971728,2022-07-15 13:00:00.000,"32.74",KOTA CIREBON,N14 Jenderal Sudirman,JAM,"[108.54467000000007, -6.742421000000005]",29,2022-07-15
5971729,2022-07-15 14:00:00.000,"32.74",KOTA CIREBON,N14 Jenderal Sudirman,JAM,"[108.54467, -6.742421]",3,2022-07-15
5971730,2022-07-15 21:00:00.000,"32.74",KOTA CIREBON,Tol Palimanan-Kanci,WEATHERHAZARD,"[108.54740899999993, -6.774502000000004]",30,2022-07-15
5978352,2022-07-16 12:00:00.000,"32.74",KOTA CIREBON,N14 Jenderal Sudirman,JAM,"[108.54711299999998, -6.740718]",7,2022-07-16
5978353,2022-07-16 13:00:00.000,"32.74",KOTA CIREBON,N14 Jenderal Sudirman,JAM,"[108.54711300000004, -6.7407179999999975]",24,2022-07-16
5978354,2022-07-16 14:00:00.000,"32.74",KOTA CIREBON,Kalitanjung,JAM,"[108.54230800000003, -6.744653]",17,2022-07-16
5978355,2022-07-16 15:00:00.000,"32.74",KOTA CIREBON,Jagasatru,JAM,"[108.56381899999998, -6.724811000000002]",18,2022-07-16
5978356,2022-07-16 15:00:00.000,"32.74",KOTA CIREBON,Kalitanjung,JAM,"[108.54230800000003, -6.744653]",16,2022-07-16
5978357,2022-07-16 15:00:00.000,"32.74",KOTA CIREBON,Kesambi,JAM,"[108.55951000000003, -6.726191]",30,2022-07-16
5978358,2022-07-16 15:00:00.000,"32.74",KOTA CIREBON,Pulasaren,JAM,"[108.56512900000003, -6.724405999999999]",22,2022-07-16
5978359,2022-07-16 16:00:00.000,"32.74",KOTA CIREBON,Jagasatru,JAM,"[108.56381899999998, -6.724811000000002]",14,2022-07-16
5978360,2022-07-16 16:00:00.000,"32.74",KOTA CIREBON,N14 Jenderal Sudirman,JAM,"[108.5468877333334, -6.740912633333337]",30,2022-07-16
5978361,2022-07-16 16:00:00.000,"32.74",KOTA CIREBON,Pekalipan,JAM,"[108.56255000000007, -6.722618000000002]",29,2022-07-16
5978362,2022-07-16 16:00:00.000,"32.74",KOTA CIREBON,Pulasaren,JAM,"[108.56512899999998, -6.724406]",10,2022-07-16
5978363,2022-07-16 16:00:00.000,"32.74",KOTA CIREBON,Sukalila Selatan,JAM,"[108.56034950793642, -6.714748126984127]",63,2022-07-16
5978364,2022-07-16 16:00:00.000,"32.74",KOTA CIREBON,Tentara Pelajar,JAM,"[108.55258200000002, -6.714123999999999]",15,2022-07-16
5978365,2022-07-16 17:00:00.000,"32.74",KOTA CIREBON,Tentara Pelajar,JAM,"[108.55258200000002, -6.714123999999999]",17,2022-07-16
5978366,2022-07-16 20:00:00.000,"32.74",KOTA CIREBON,Tol Palimanan-Kanci,WEATHERHAZARD,"[108.54267100000006, -6.773072000000006]",39,2022-07-16
5978367,2022-07-16 21:00:00.000,"32.74",KOTA CIREBON,Dokter Cipto Mangunkusumo,JAM,"[108.55034900000007, -6.725875000000001]",27,2022-07-16
5978368,2022-07-16 21:00:00.000,"32.74",KOTA CIREBON,Tol Palimanan-Kanci,WEATHERHAZARD,"[108.54267100000003, -6.7730720000000035]",26,2022-07-16
5984898,2022-07-17 11:00:00.000,"32.74",KOTA CIREBON,N14 Jenderal Sudirman,JAM,"[108.54162499999994, -6.748127000000002]",30,2022-07-17
5984899,2022-07-17 15:00:00.000,"32.74",KOTA CIREBON,Dokter Cipto Mangunkusumo,JAM,"[108.550243, -6.727753]",4,2022-07-17
5984900,2022-07-17 15:00:00.000,"32.74",KOTA CIREBON,Tol Palimanan-Kanci,JAM,"[108.554855, -6.775437]",2,2022-07-17
5984901,2022-07-17 16:00:00.000,"32.74",KOTA CIREBON,Dokter Cipto Mangunkusumo,JAM,"[108.55024300000002, -6.727753000000003]",27,2022-07-17
5984902,2022-07-17 16:00:00.000,"32.74",KOTA CIREBON,Tol Palimanan-Kanci,JAM,"[108.55485499999999, -6.775436999999999]",6,2022-07-17
5984903,2022-07-17 16:00:00.000,"32.74",KOTA CIREBON,Tuparev,JAM,"[108.54806800000004, -6.711819999999997]",32,2022-07-17
5984904,2022-07-17 19:00:00.000,"32.74",KOTA CIREBON,Tol Palimanan-Kanci,JAM,"[108.548829, -6.774776]",6,2022-07-17
5984905,2022-07-17 21:00:00.000,"32.74",KOTA CIREBON,Tol Palimanan-Kanci,WEATHERHAZARD,"[108.55017099999996, -6.775017999999997]",31,2022-07-17
5989810,2022-07-18 07:00:00.000,"32.74",KOTA CIREBON,Pangeran Cakrabuana,JAM,"[108.52410000000005, -6.750403000000003]",19,2022-07-18
5989811,2022-07-18 11:00:00.000,"32.74",KOTA CIREBON,Karanggetas,JAM,"[108.562134, -6.713676000000002]",14,2022-07-18
5989812,2022-07-18 11:00:00.000,"32.74",KOTA CIREBON,,JAM,"[108.58903899999997, -6.749653999999995]",31,2022-07-18
5989813,2022-07-18 12:00:00.000,"32.74",KOTA CIREBON,Karanggetas,JAM,"[108.562134, -6.713676000000003]",17,2022-07-18
5989814,2022-07-18 13:00:00.000,"32.74",KOTA CIREBON,Pilang Raya,JAM,"[108.548738, -6.70133]",4,2022-07-18
5989815,2022-07-18 14:00:00.000,"32.74",KOTA CIREBON,Pilang Raya,JAM,"[108.54873799999997, -6.701330000000002]",25,2022-07-18
5989816,2022-07-18 15:00:00.000,"32.74",KOTA CIREBON,Tol Palimanan-Kanci,WEATHERHAZARD,"[108.54076299999998, -6.772304000000001]",13,2022-07-18
5989817,2022-07-18 17:00:00.000,"32.74",KOTA CIREBON,Tol Palimanan-Kanci,JAM,"[108.550961, -6.775104999999999]",5,2022-07-18
5994700,2022-07-19 00:00:00.000,"32.74",KOTA CIREBON,N14 Jenderal Sudirman,JAM,"[108.53034800000009, -6.762383999999998]",31,2022-07-19
5994701,2022-07-19 10:00:00.000,"32.74",KOTA CIREBON,N14 Jenderal Sudirman,JAM,"[108.54442800000005, -6.742751999999998]",31,2022-07-19
5994702,2022-07-19 17:00:00.000,"32.74",KOTA CIREBON,Ciremai Giri,JAM,"[108.55318200000005, -6.749133]",16,2022-07-19
5994703,2022-07-19 18:00:00.000,"32.74",KOTA CIREBON,Ciremai Giri,JAM,"[108.55318200000005, -6.749133]",15,2022-07-19
5999328,2022-07-20 10:00:00.000,"32.74",KOTA CIREBON,N14 Jenderal Sudirman,JAM,"[108.54706100000007, -6.7407650000000015]",30,2022-07-20
5999329,2022-07-20 14:00:00.000,"32.74",KOTA CIREBON,N14 Jenderal Ahmad Yani,JAM,"[108.54980900000007, -6.739890000000002]",31,2022-07-20
5999330,2022-07-20 14:00:00.000,"32.74",KOTA CIREBON,Pramuka,ACCIDENT,"[108.548679, -6.745486999999998]",37,2022-07-20
5999331,2022-07-20 15:00:00.000,"32.74",KOTA CIREBON,Pramuka,ACCIDENT,"[108.54867900000018, -6.745487000000009]",60,2022-07-20
5999332,2022-07-20 16:00:00.000,"32.74",KOTA CIREBON,Pramuka,ACCIDENT,"[108.548679, -6.745486999999998]",24,2022-07-20
6003799,2022-07-21 07:00:00.000,"32.74",KOTA CIREBON,N14 Jenderal Ahmad Yani,JAM,"[108.56019400000001, -6.741625999999998]",8,2022-07-21
6003800,2022-07-21 12:00:00.000,"32.74",KOTA CIREBON,N14 Kanggraksan,JAM,"[108.54601099999994, -6.741440000000003]",31,2022-07-21
6003801,2022-07-21 17:00:00.000,"32.74",KOTA CIREBON,N14 Jenderal Sudirman,JAM,"[108.53543099999992, -6.757576999999999]",31,2022-07-21
6008465,2022-07-22 10:00:00.000,"32.74",KOTA CIREBON,N1 Kalijaga,JAM,"[108.58848200000006, -6.750220999999999]",23,2022-07-22
6008466,2022-07-22 11:00:00.000,"32.74",KOTA CIREBON,N1 Kalijaga,JAM,"[108.588482, -6.750220999999998]",8,2022-07-22
6008467,2022-07-22 11:00:00.000,"32.74",KOTA CIREBON,Tentara Pelajar,JAM,"[108.556719, -6.715805999999999]",20,2022-07-22
6008468,2022-07-22 12:00:00.000,"32.74",KOTA CIREBON,Tentara Pelajar,JAM,"[108.55671900000002, -6.715806]",11,2022-07-22
6008469,2022-07-22 16:00:00.000,"32.74",KOTA CIREBON,Tol Palimanan-Kanci,JAM,"[108.53802, -6.770953]",5,2022-07-22
6008470,2022-07-22 16:00:00.000,"32.74",KOTA CIREBON,Tol Palimanan-Kanci,WEATHERHAZARD,"[108.537953, -6.770915000000001]",32,2022-07-22
6008471,2022-07-22 17:00:00.000,"32.74",KOTA CIREBON,Tol Palimanan-Kanci,WEATHERHAZARD,"[108.537953, -6.770915000000001]",60,2022-07-22
6008472,2022-07-22 18:00:00.000,"32.74",KOTA CIREBON,Tol Palimanan-Kanci,WEATHERHAZARD,"[108.537953, -6.770915000000001]",60,2022-07-22
6008473,2022-07-22 19:00:00.000,"32.74",KOTA CIREBON,Tol Palimanan-Kanci,WEATHERHAZARD,"[108.537953, -6.770915]",6,2022-07-22
6008474,2022-07-22 20:00:00.000,"32.74",KOTA CIREBON,N14 Brigjen Darsono,JAM,"[108.54347647826086, -6.735846521739132]",92,2022-07-22
6008475,2022-07-22 20:00:00.000,"32.74",KOTA CIREBON,N14 Brigjen Darsono,WEATHERHAZARD,"[108.54755000000007, -6.739460000000002]",30,2022-07-22
6008476,2022-07-22 20:00:00.000,"32.74",KOTA CIREBON,N14 Jenderal Ahmad Yani,JAM,"[108.55251799999998, -6.7404050000000035]",32,2022-07-22
6008477,2022-07-22 20:00:00.000,"32.74",KOTA CIREBON,N14 Jenderal Ahmad Yani,WEATHERHAZARD,"[108.552506, -6.740401999999997]",31,2022-07-22
6013679,2022-07-23 12:00:00.000,"32.74",KOTA CIREBON,N14 Kanggraksan,JAM,"[108.54456800000001, -6.7425609999999985]",17,2022-07-23
6013680,2022-07-23 13:00:00.000,"32.74",KOTA CIREBON,Kalitanjung,JAM,"[108.54281799999994, -6.744516000000002]",20,2022-07-23
6013681,2022-07-23 13:00:00.000,"32.74",KOTA CIREBON,N14 Kanggraksan,JAM,"[108.54452617647061, -6.742618]",17,2022-07-23
6013682,2022-07-23 14:00:00.000,"32.74",KOTA CIREBON,Kalitanjung,JAM,"[108.54281799999997, -6.744516]",12,2022-07-23
6013683,2022-07-23 14:00:00.000,"32.74",KOTA CIREBON,N14 Jenderal Ahmad Yani,JAM,"[108.56112399999996, -6.741715]",31,2022-07-23
6013684,2022-07-23 14:00:00.000,"32.74",KOTA CIREBON,N14 Kanggraksan,JAM,"[108.54433100000004, -6.742884000000003]",28,2022-07-23
6013685,2022-07-23 15:00:00.000,"32.74",KOTA CIREBON,Slamet Riyadi,JAM,"[108.55392299999995, -6.699659999999996]",29,2022-07-23
6013686,2022-07-23 19:00:00.000,"32.74",KOTA CIREBON,Tuparev,JAM,"[108.54880099999997, -6.711918999999998]",18,2022-07-23
6013687,2022-07-23 20:00:00.000,"32.74",KOTA CIREBON,Slamet Riyadi,JAM,"[108.55428900000005, -6.699565000000004]",31,2022-07-23
6013688,2022-07-23 20:00:00.000,"32.74",KOTA CIREBON,Tuparev,JAM,"[108.54880099999998, -6.711918999999999]",14,2022-07-23
6018766,2022-07-24 10:00:00.000,"32.74",KOTA CIREBON,,JAM,"[108.561522, -6.720699999999999]",5,2022-07-24
6018767,2022-07-24 11:00:00.000,"32.74",KOTA CIREBON,Karanggetas,JAM,"[108.56228800000005, -6.714013999999999]",31,2022-07-24
6018768,2022-07-24 11:00:00.000,"32.74",KOTA CIREBON,,JAM,"[108.56152199999998, -6.7206999999999955]",26,2022-07-24
6018769,2022-07-24 12:00:00.000,"32.74",KOTA CIREBON,Tuparev,JAM,"[108.54765599999999, -6.711765]",10,2022-07-24
6018770,2022-07-24 13:00:00.000,"32.74",KOTA CIREBON,Tuparev,JAM,"[108.54765599999999, -6.711765000000001]",21,2022-07-24
6018771,2022-07-24 18:00:00.000,"32.74",KOTA CIREBON,N14 Jenderal Ahmad Yani,JAM,"[108.55186400000001, -6.740278000000001]",6,2022-07-24
6018772,2022-07-24 18:00:00.000,"32.74",KOTA CIREBON,,JAM,"[108.568362, -6.7315920000000045]",30,2022-07-24
6023078,2022-07-25 07:00:00.000,"32.74",KOTA CIREBON,N1 Kalijaga,JAM,"[108.587442, -6.748442999999998]",16,2022-07-25
6023079,2022-07-25 08:00:00.000,"32.74",KOTA CIREBON,N1 Kalijaga,JAM,"[108.587442, -6.748442999999998]",16,2022-07-25
6023080,2022-07-25 17:00:00.000,"32.74",KOTA CIREBON,Dokter Cipto Mangunkusumo,JAM,"[108.550226, -6.7264490000000015]",14,2022-07-25
6023081,2022-07-25 17:00:00.000,"32.74",KOTA CIREBON,Sutawinangun,JAM,"[108.54979699999998, -6.716353]",10,2022-07-25
6023082,2022-07-25 18:00:00.000,"32.74",KOTA CIREBON,Dokter Cipto Mangunkusumo,JAM,"[108.55022600000001, -6.7264490000000015]",17,2022-07-25
6023083,2022-07-25 18:00:00.000,"32.74",KOTA CIREBON,Sutawinangun,JAM,"[108.54979699999998, -6.716352999999999]",22,2022-07-25
6027523,2022-07-26 13:00:00.000,"32.74",KOTA CIREBON,Kenduruan,WEATHERHAZARD,"[108.568808, -6.717095]",36,2022-07-26
6027524,2022-07-26 14:00:00.000,"32.74",KOTA CIREBON,Kenduruan,WEATHERHAZARD,"[108.568808, -6.71709499999999]",60,2022-07-26
6027525,2022-07-26 15:00:00.000,"32.74",KOTA CIREBON,Kenduruan,WEATHERHAZARD,"[108.568808, -6.71709499999999]",60,2022-07-26
6027526,2022-07-26 16:00:00.000,"32.74",KOTA CIREBON,Kenduruan,WEATHERHAZARD,"[108.568808, -6.71709499999999]",60,2022-07-26
6027527,2022-07-26 16:00:00.000,"32.74",KOTA CIREBON,Perjuangan,JAM,"[108.52876778750006, -6.746831412500005]",80,2022-07-26
6027528,2022-07-26 17:00:00.000,"32.74",KOTA CIREBON,Kenduruan,WEATHERHAZARD,"[108.568808, -6.7170949999999925]",54,2022-07-26
6027529,2022-07-26 17:00:00.000,"32.74",KOTA CIREBON,Perjuangan,JAM,"[108.52928699999998, -6.747704]",8,2022-07-26
6027530,2022-07-26 18:00:00.000,"32.74",KOTA CIREBON,Kenduruan,WEATHERHAZARD,"[108.568808, -6.71709499999999]",60,2022-07-26
6027531,2022-07-26 19:00:00.000,"32.74",KOTA CIREBON,Kenduruan,WEATHERHAZARD,"[108.568808, -6.71709499999999]",60,2022-07-26
6027532,2022-07-26 20:00:00.000,"32.74",KOTA CIREBON,Kenduruan,WEATHERHAZARD,"[108.568808, -6.71709499999999]",60,2022-07-26
6027533,2022-07-26 21:00:00.000,"32.74",KOTA CIREBON,Kenduruan,WEATHERHAZARD,"[108.568808, -6.71709499999999]",61,2022-07-26
6027534,2022-07-26 22:00:00.000,"32.74",KOTA CIREBON,Kenduruan,WEATHERHAZARD,"[108.568808, -6.71709499999999]",60,2022-07-26
6027535,2022-07-26 23:00:00.000,"32.74",KOTA CIREBON,Kenduruan,WEATHERHAZARD,"[108.568808, -6.71709499999999]",60,2022-07-26
6032032,2022-07-27 00:00:00.000,"32.74",KOTA CIREBON,Kenduruan,WEATHERHAZARD,"[108.568808, -6.71709499999999]",60,2022-07-27
6032033,2022-07-27 01:00:00.000,"32.74",KOTA CIREBON,Kenduruan,WEATHERHAZARD,"[108.568808, -6.71709499999999]",60,2022-07-27
6032034,2022-07-27 02:00:00.000,"32.74",KOTA CIREBON,Kenduruan,WEATHERHAZARD,"[108.568808, -6.71709499999999]",60,2022-07-27
6032035,2022-07-27 03:00:00.000,"32.74",KOTA CIREBON,Kenduruan,WEATHERHAZARD,"[108.568808, -6.71709499999999]",60,2022-07-27
6032036,2022-07-27 04:00:00.000,"32.74",KOTA CIREBON,Kenduruan,WEATHERHAZARD,"[108.568808, -6.71709499999999]",61,2022-07-27
6032037,2022-07-27 05:00:00.000,"32.74",KOTA CIREBON,Kenduruan,WEATHERHAZARD,"[108.568808, -6.71709499999999]",60,2022-07-27
6032038,2022-07-27 06:00:00.000,"32.74",KOTA CIREBON,Kenduruan,WEATHERHAZARD,"[108.568808, -6.71709499999999]",60,2022-07-27
6032039,2022-07-27 07:00:00.000,"32.74",KOTA CIREBON,Kenduruan,WEATHERHAZARD,"[108.568808, -6.71709499999999]",60,2022-07-27
6032040,2022-07-27 08:00:00.000,"32.74",KOTA CIREBON,Kenduruan,WEATHERHAZARD,"[108.568808, -6.71709499999999]",60,2022-07-27
6032041,2022-07-27 09:00:00.000,"32.74",KOTA CIREBON,Arah Indramayu/Jakarta,JAM,"[108.55422899999995, -6.6994579999999955]",31,2022-07-27
6032042,2022-07-27 09:00:00.000,"32.74",KOTA CIREBON,Kenduruan,WEATHERHAZARD,"[108.568808, -6.71709499999999]",60,2022-07-27
6032043,2022-07-27 09:00:00.000,"32.74",KOTA CIREBON,N14 Jenderal Ahmad Yani,WEATHERHAZARD,"[108.54874900000003, -6.739806000000001]",13,2022-07-27
6032044,2022-07-27 09:00:00.000,"32.74",KOTA CIREBON,Slamet Riyadi,JAM,"[108.55356299999995, -6.6996759999999975]",13,2022-07-27
6032045,2022-07-27 10:00:00.000,"32.74",KOTA CIREBON,Kenduruan,WEATHERHAZARD,"[108.568808, -6.71709499999999]",60,2022-07-27
6032046,2022-07-27 10:00:00.000,"32.74",KOTA CIREBON,N14 Jenderal Ahmad Yani,WEATHERHAZARD,"[108.54874899999986, -6.739805999999992]",60,2022-07-27
6032047,2022-07-27 11:00:00.000,"32.74",KOTA CIREBON,Kenduruan,WEATHERHAZARD,"[108.568808, -6.71709499999999]",60,2022-07-27
6032048,2022-07-27 11:00:00.000,"32.74",KOTA CIREBON,N14 Jenderal Ahmad Yani,WEATHERHAZARD,"[108.54874899999986, -6.739805999999992]",60,2022-07-27
6032049,2022-07-27 12:00:00.000,"32.74",KOTA CIREBON,Kenduruan,WEATHERHAZARD,"[108.568808, -6.717094999999991]",59,2022-07-27
6032050,2022-07-27 12:00:00.000,"32.74",KOTA CIREBON,N14 Jenderal Ahmad Yani,WEATHERHAZARD,"[108.54874899999987, -6.739805999999992]",59,2022-07-27
6032051,2022-07-27 13:00:00.000,"32.74",KOTA CIREBON,Kenduruan,WEATHERHAZARD,"[108.568808, -6.71709499999999]",60,2022-07-27
6032052,2022-07-27 13:00:00.000,"32.74",KOTA CIREBON,N14 Jenderal Ahmad Yani,WEATHERHAZARD,"[108.54874899999986, -6.739805999999992]",60,2022-07-27
6032053,2022-07-27 14:00:00.000,"32.74",KOTA CIREBON,Kenduruan,WEATHERHAZARD,"[108.568808, -6.71709499999999]",61,2022-07-27
6032054,2022-07-27 14:00:00.000,"32.74",KOTA CIREBON,N14 Jenderal Ahmad Yani,WEATHERHAZARD,"[108.54874899999986, -6.739805999999992]",61,2022-07-27
6032055,2022-07-27 15:00:00.000,"32.74",KOTA CIREBON,Kenduruan,WEATHERHAZARD,"[108.568808, -6.71709499999999]",60,2022-07-27
6032056,2022-07-27 15:00:00.000,"32.74",KOTA CIREBON,N14 Jenderal Ahmad Yani,WEATHERHAZARD,"[108.54874899999986, -6.739805999999992]",60,2022-07-27
6032057,2022-07-27 15:00:00.000,"32.74",KOTA CIREBON,Tol Palimanan-Kanci,WEATHERHAZARD,"[108.54504599999997, -6.773716]",12,2022-07-27
6032058,2022-07-27 16:00:00.000,"32.74",KOTA CIREBON,Kenduruan,WEATHERHAZARD,"[108.568808, -6.717094999999991]",59,2022-07-27
6032059,2022-07-27 16:00:00.000,"32.74",KOTA CIREBON,N14 Jenderal Ahmad Yani,WEATHERHAZARD,"[108.54874899999987, -6.739805999999992]",59,2022-07-27
6032060,2022-07-27 16:00:00.000,"32.74",KOTA CIREBON,Tol Palimanan-Kanci,WEATHERHAZARD,"[108.54504600000011, -6.773715999999995]",59,2022-07-27
6032061,2022-07-27 17:00:00.000,"32.74",KOTA CIREBON,Kenduruan,WEATHERHAZARD,"[108.568808, -6.71709499999999]",60,2022-07-27
6032062,2022-07-27 17:00:00.000,"32.74",KOTA CIREBON,N14 Jenderal Ahmad Yani,WEATHERHAZARD,"[108.54874899999986, -6.739805999999992]",60,2022-07-27
6032063,2022-07-27 17:00:00.000,"32.74",KOTA CIREBON,Tol Palimanan-Kanci,WEATHERHAZARD,"[108.54504600000011, -6.773715999999995]",60,2022-07-27
6032064,2022-07-27 18:00:00.000,"32.74",KOTA CIREBON,Kenduruan,WEATHERHAZARD,"[108.568808, -6.71709499999999]",60,2022-07-27
6032065,2022-07-27 18:00:00.000,"32.74",KOTA CIREBON,N14 Jenderal Ahmad Yani,WEATHERHAZARD,"[108.54874899999986, -6.739805999999992]",60,2022-07-27
6032066,2022-07-27 18:00:00.000,"32.74",KOTA CIREBON,Sasana Budaya,JAM,"[108.548728, -6.720276999999999]",17,2022-07-27
6032067,2022-07-27 18:00:00.000,"32.74",KOTA CIREBON,Tol Palimanan-Kanci,WEATHERHAZARD,"[108.54504600000011, -6.773715999999995]",60,2022-07-27
6032068,2022-07-27 19:00:00.000,"32.74",KOTA CIREBON,Kenduruan,WEATHERHAZARD,"[108.568808, -6.71709499999999]",61,2022-07-27
6032069,2022-07-27 19:00:00.000,"32.74",KOTA CIREBON,N14 Jenderal Ahmad Yani,WEATHERHAZARD,"[108.54874899999986, -6.739805999999992]",61,2022-07-27
6032070,2022-07-27 19:00:00.000,"32.74",KOTA CIREBON,Sasana Budaya,JAM,"[108.548728, -6.720277]",14,2022-07-27
6032071,2022-07-27 19:00:00.000,"32.74",KOTA CIREBON,Tol Palimanan-Kanci,WEATHERHAZARD,"[108.54504600000003, -6.773716000000004]",26,2022-07-27
6032072,2022-07-27 20:00:00.000,"32.74",KOTA CIREBON,Kenduruan,WEATHERHAZARD,"[108.568808, -6.717094999999991]",59,2022-07-27
6032073,2022-07-27 20:00:00.000,"32.74",KOTA CIREBON,N14 Jenderal Ahmad Yani,WEATHERHAZARD,"[108.54874899999987, -6.739805999999992]",59,2022-07-27
6032074,2022-07-27 21:00:00.000,"32.74",KOTA CIREBON,Kenduruan,WEATHERHAZARD,"[108.568808, -6.71709499999999]",60,2022-07-27
6032075,2022-07-27 21:00:00.000,"32.74",KOTA CIREBON,N14 Jenderal Ahmad Yani,WEATHERHAZARD,"[108.54874899999986, -6.739805999999992]",60,2022-07-27
6032076,2022-07-27 22:00:00.000,"32.74",KOTA CIREBON,Kenduruan,WEATHERHAZARD,"[108.568808, -6.71709499999999]",60,2022-07-27
6032077,2022-07-27 22:00:00.000,"32.74",KOTA CIREBON,N14 Jenderal Ahmad Yani,WEATHERHAZARD,"[108.54874899999986, -6.739805999999992]",60,2022-07-27
6032078,2022-07-27 23:00:00.000,"32.74",KOTA CIREBON,Kenduruan,WEATHERHAZARD,"[108.568808, -6.71709499999999]",60,2022-07-27
6032079,2022-07-27 23:00:00.000,"32.74",KOTA CIREBON,N14 Jenderal Ahmad Yani,WEATHERHAZARD,"[108.54874899999986, -6.739805999999992]",60,2022-07-27
6036443,2022-07-28 00:00:00.000,"32.74",KOTA CIREBON,Kenduruan,WEATHERHAZARD,"[108.568808, -6.71709499999999]",60,2022-07-28
6036444,2022-07-28 00:00:00.000,"32.74",KOTA CIREBON,N14 Jenderal Ahmad Yani,WEATHERHAZARD,"[108.54874899999986, -6.739805999999992]",60,2022-07-28
6036445,2022-07-28 01:00:00.000,"32.74",KOTA CIREBON,Kenduruan,WEATHERHAZARD,"[108.568808, -6.71709499999999]",60,2022-07-28
6036446,2022-07-28 01:00:00.000,"32.74",KOTA CIREBON,N14 Jenderal Ahmad Yani,WEATHERHAZARD,"[108.54874899999986, -6.739805999999992]",60,2022-07-28
6036447,2022-07-28 02:00:00.000,"32.74",KOTA CIREBON,Kenduruan,WEATHERHAZARD,"[108.568808, -6.71709499999999]",60,2022-07-28
6036448,2022-07-28 02:00:00.000,"32.74",KOTA CIREBON,N14 Jenderal Ahmad Yani,WEATHERHAZARD,"[108.54874899999986, -6.739805999999992]",60,2022-07-28
6036449,2022-07-28 03:00:00.000,"32.74",KOTA CIREBON,Kenduruan,WEATHERHAZARD,"[108.568808, -6.71709499999999]",60,2022-07-28
6036450,2022-07-28 03:00:00.000,"32.74",KOTA CIREBON,N14 Jenderal Ahmad Yani,WEATHERHAZARD,"[108.54874899999986, -6.739805999999992]",60,2022-07-28
6036451,2022-07-28 04:00:00.000,"32.74",KOTA CIREBON,Kenduruan,WEATHERHAZARD,"[108.568808, -6.71709499999999]",61,2022-07-28
6036452,2022-07-28 04:00:00.000,"32.74",KOTA CIREBON,N14 Jenderal Ahmad Yani,WEATHERHAZARD,"[108.54874899999986, -6.739805999999992]",61,2022-07-28
6036453,2022-07-28 05:00:00.000,"32.74",KOTA CIREBON,Kenduruan,WEATHERHAZARD,"[108.568808, -6.71709499999999]",60,2022-07-28
6036454,2022-07-28 05:00:00.000,"32.74",KOTA CIREBON,N14 Jenderal Ahmad Yani,WEATHERHAZARD,"[108.54874899999986, -6.739805999999992]",60,2022-07-28
6036455,2022-07-28 06:00:00.000,"32.74",KOTA CIREBON,Kenduruan,WEATHERHAZARD,"[108.568808, -6.717094999999991]",58,2022-07-28
6036456,2022-07-28 06:00:00.000,"32.74",KOTA CIREBON,N14 Jenderal Ahmad Yani,WEATHERHAZARD,"[108.54874899999987, -6.739805999999993]",58,2022-07-28
6036457,2022-07-28 07:00:00.000,"32.74",KOTA CIREBON,Kenduruan,WEATHERHAZARD,"[108.568808, -6.71709499999999]",60,2022-07-28
6036458,2022-07-28 07:00:00.000,"32.74",KOTA CIREBON,N14 Jenderal Ahmad Yani,WEATHERHAZARD,"[108.54874899999986, -6.739805999999992]",60,2022-07-28
6036459,2022-07-28 08:00:00.000,"32.74",KOTA CIREBON,Kenduruan,WEATHERHAZARD,"[108.568808, -6.71709499999999]",61,2022-07-28
6036460,2022-07-28 08:00:00.000,"32.74",KOTA CIREBON,N14 Jenderal Ahmad Yani,WEATHERHAZARD,"[108.54874899999992, -6.739805999999993]",51,2022-07-28
6036461,2022-07-28 09:00:00.000,"32.74",KOTA CIREBON,Kenduruan,WEATHERHAZARD,"[108.568808, -6.71709499999999]",60,2022-07-28
6036462,2022-07-28 09:00:00.000,"32.74",KOTA CIREBON,Slamet Riyadi,JAM,"[108.55400599999996, -6.699637999999997]",27,2022-07-28
6036463,2022-07-28 10:00:00.000,"32.74",KOTA CIREBON,Kenduruan,WEATHERHAZARD,"[108.568808, -6.71709499999999]",60,2022-07-28
6036464,2022-07-28 10:00:00.000,"32.74",KOTA CIREBON,Slamet Riyadi,JAM,"[108.554006, -6.699638]",4,2022-07-28
6036465,2022-07-28 11:00:00.000,"32.74",KOTA CIREBON,Kenduruan,WEATHERHAZARD,"[108.568808, -6.71709499999999]",60,2022-07-28
6036466,2022-07-28 11:00:00.000,"32.74",KOTA CIREBON,Tol Palimanan-Kanci,WEATHERHAZARD,"[108.54386299999997, -6.773345000000004]",31,2022-07-28
6036467,2022-07-28 12:00:00.000,"32.74",KOTA CIREBON,Kenduruan,WEATHERHAZARD,"[108.568808, -6.71709499999999]",60,2022-07-28
6036468,2022-07-28 12:00:00.000,"32.74",KOTA CIREBON,Tol Palimanan-Kanci,WEATHERHAZARD,"[108.54439700000007, -6.773519999999996]",35,2022-07-28
6036469,2022-07-28 13:00:00.000,"32.74",KOTA CIREBON,Kenduruan,WEATHERHAZARD,"[108.568808, -6.71709499999999]",60,2022-07-28
6036470,2022-07-28 13:00:00.000,"32.74",KOTA CIREBON,Tol Palimanan-Kanci,WEATHERHAZARD,"[108.544397, -6.77352]",6,2022-07-28
6036471,2022-07-28 14:00:00.000,"32.74",KOTA CIREBON,Kenduruan,WEATHERHAZARD,"[108.568808, -6.717094999999991]",59,2022-07-28
6036472,2022-07-28 15:00:00.000,"32.74",KOTA CIREBON,Dr Wahidin Sudirohusodo,JAM,"[108.551049, -6.709281]",2,2022-07-28
6036473,2022-07-28 15:00:00.000,"32.74",KOTA CIREBON,Kenduruan,WEATHERHAZARD,"[108.568808, -6.71709499999999]",60,2022-07-28
6036474,2022-07-28 16:00:00.000,"32.74",KOTA CIREBON,Dokter Cipto Mangunkusumo,JAM,"[108.55056143902442, -6.720488536585366]",41,2022-07-28
6036475,2022-07-28 16:00:00.000,"32.74",KOTA CIREBON,Dr Wahidin Sudirohusodo,JAM,"[108.55101278571426, -6.710232785714288]",14,2022-07-28
6036476,2022-07-28 16:00:00.000,"32.74",KOTA CIREBON,Kenduruan,WEATHERHAZARD,"[108.568808, -6.717094999999991]",59,2022-07-28
6036477,2022-07-28 16:00:00.000,"32.74",KOTA CIREBON,Pilang Raya,JAM,"[108.54706100000006, -6.702018000000001]",26,2022-07-28
6036478,2022-07-28 17:00:00.000,"32.74",KOTA CIREBON,Kenduruan,WEATHERHAZARD,"[108.568808, -6.71709499999999]",61,2022-07-28
6036479,2022-07-28 17:00:00.000,"32.74",KOTA CIREBON,Pilang Raya,JAM,"[108.547061, -6.702018]",4,2022-07-28
6036480,2022-07-28 18:00:00.000,"32.74",KOTA CIREBON,Gang Menur,JAM,"[108.55083699999993, -6.726643999999996]",30,2022-07-28
6036481,2022-07-28 18:00:00.000,"32.74",KOTA CIREBON,Kenduruan,WEATHERHAZARD,"[108.568808, -6.717094999999991]",59,2022-07-28
6036482,2022-07-28 19:00:00.000,"32.74",KOTA CIREBON,Kenduruan,WEATHERHAZARD,"[108.568808, -6.71709499999999]",60,2022-07-28
6036483,2022-07-28 20:00:00.000,"32.74",KOTA CIREBON,Kenduruan,WEATHERHAZARD,"[108.568808, -6.71709499999999]",60,2022-07-28
6036484,2022-07-28 21:00:00.000,"32.74",KOTA CIREBON,Kenduruan,WEATHERHAZARD,"[108.568808, -6.71709499999999]",61,2022-07-28
6036485,2022-07-28 22:00:00.000,"32.74",KOTA CIREBON,Kenduruan,WEATHERHAZARD,"[108.568808, -6.71709499999999]",60,2022-07-28
6036486,2022-07-28 23:00:00.000,"32.74",KOTA CIREBON,Kenduruan,WEATHERHAZARD,"[108.568808, -6.717094999999991]",57,2022-07-28
6041433,2022-07-29 00:00:00.000,"32.74",KOTA CIREBON,Kenduruan,WEATHERHAZARD,"[108.568808, -6.71709499999999]",60,2022-07-29
6041434,2022-07-29 01:00:00.000,"32.74",KOTA CIREBON,Kenduruan,WEATHERHAZARD,"[108.568808, -6.71709499999999]",60,2022-07-29
6041435,2022-07-29 02:00:00.000,"32.74",KOTA CIREBON,Kenduruan,WEATHERHAZARD,"[108.568808, -6.71709499999999]",60,2022-07-29
6041436,2022-07-29 03:00:00.000,"32.74",KOTA CIREBON,Kenduruan,WEATHERHAZARD,"[108.568808, -6.71709499999999]",60,2022-07-29
6041437,2022-07-29 04:00:00.000,"32.74",KOTA CIREBON,Kenduruan,WEATHERHAZARD,"[108.568808, -6.71709499999999]",61,2022-07-29
6041438,2022-07-29 05:00:00.000,"32.74",KOTA CIREBON,Kenduruan,WEATHERHAZARD,"[108.568808, -6.71709499999999]",60,2022-07-29
6041439,2022-07-29 06:00:00.000,"32.74",KOTA CIREBON,Kenduruan,WEATHERHAZARD,"[108.568808, -6.71709499999999]",60,2022-07-29
6041440,2022-07-29 07:00:00.000,"32.74",KOTA CIREBON,Kenduruan,WEATHERHAZARD,"[108.568808, -6.71709499999999]",60,2022-07-29
6041441,2022-07-29 08:00:00.000,"32.74",KOTA CIREBON,Kenduruan,WEATHERHAZARD,"[108.568808, -6.71709499999999]",60,2022-07-29
6041442,2022-07-29 09:00:00.000,"32.74",KOTA CIREBON,Kenduruan,WEATHERHAZARD,"[108.568808, -6.71709499999999]",60,2022-07-29
6041443,2022-07-29 10:00:00.000,"32.74",KOTA CIREBON,Kenduruan,WEATHERHAZARD,"[108.568808, -6.71709499999999]",60,2022-07-29
6041444,2022-07-29 11:00:00.000,"32.74",KOTA CIREBON,Kenduruan,WEATHERHAZARD,"[108.568808, -6.71709499999999]",60,2022-07-29
6041445,2022-07-29 12:00:00.000,"32.74",KOTA CIREBON,Kenduruan,WEATHERHAZARD,"[108.568808, -6.717094999999991]",57,2022-07-29
6041446,2022-07-29 13:00:00.000,"32.74",KOTA CIREBON,Kenduruan,WEATHERHAZARD,"[108.568808, -6.71709499999999]",60,2022-07-29
6041447,2022-07-29 14:00:00.000,"32.74",KOTA CIREBON,Kenduruan,WEATHERHAZARD,"[108.568808, -6.717094999999994]",49,2022-07-29
6041448,2022-07-29 14:00:00.000,"32.74",KOTA CIREBON,N14 Kanggraksan,JAM,"[108.54616100000001, -6.741366000000001]",10,2022-07-29
6041449,2022-07-29 15:00:00.000,"32.74",KOTA CIREBON,Kenduruan,WEATHERHAZARD,"[108.568808, -6.7170949999999925]",53,2022-07-29
6041450,2022-07-29 15:00:00.000,"32.74",KOTA CIREBON,N14 Kanggraksan,JAM,"[108.546161, -6.741366]",13,2022-07-29
6041451,2022-07-29 16:00:00.000,"32.74",KOTA CIREBON,Kenduruan,WEATHERHAZARD,"[108.568808, -6.7170949999999925]",54,2022-07-29
6041452,2022-07-29 16:00:00.000,"32.74",KOTA CIREBON,N14 Kanggraksan,JAM,"[108.54520099999993, -6.741862999999997]",30,2022-07-29
6041453,2022-07-29 17:00:00.000,"32.74",KOTA CIREBON,Kenduruan,WEATHERHAZARD,"[108.568808, -6.7170949999999925]",54,2022-07-29
6041454,2022-07-29 18:00:00.000,"32.74",KOTA CIREBON,Kenduruan,WEATHERHAZARD,"[108.568808, -6.71709499999999]",61,2022-07-29
6041455,2022-07-29 19:00:00.000,"32.74",KOTA CIREBON,Kenduruan,WEATHERHAZARD,"[108.568808, -6.71709499999999]",60,2022-07-29
6041456,2022-07-29 20:00:00.000,"32.74",KOTA CIREBON,Kenduruan,WEATHERHAZARD,"[108.568808, -6.71709499999999]",60,2022-07-29
6041457,2022-07-29 20:00:00.000,"32.74",KOTA CIREBON,Nyi Mas Gandasari,JAM,"[108.55854700000006, -6.718309000000003]",31,2022-07-29
6041458,2022-07-29 21:00:00.000,"32.74",KOTA CIREBON,Kenduruan,WEATHERHAZARD,"[108.568808, -6.71709499999999]",60,2022-07-29
6041459,2022-07-29 22:00:00.000,"32.74",KOTA CIREBON,Kenduruan,WEATHERHAZARD,"[108.568808, -6.71709499999999]",60,2022-07-29
6041460,2022-07-29 23:00:00.000,"32.74",KOTA CIREBON,Kenduruan,WEATHERHAZARD,"[108.568808, -6.71709499999999]",60,2022-07-29
6046961,2022-07-30 00:00:00.000,"32.74",KOTA CIREBON,Kenduruan,WEATHERHAZARD,"[108.568808, -6.71709499999999]",60,2022-07-30
6046962,2022-07-30 01:00:00.000,"32.74",KOTA CIREBON,Kenduruan,WEATHERHAZARD,"[108.568808, -6.71709499999999]",60,2022-07-30
6046963,2022-07-30 02:00:00.000,"32.74",KOTA CIREBON,Kenduruan,WEATHERHAZARD,"[108.568808, -6.71709499999999]",61,2022-07-30
6046964,2022-07-30 03:00:00.000,"32.74",KOTA CIREBON,Kenduruan,WEATHERHAZARD,"[108.568808, -6.71709499999999]",60,2022-07-30
6046965,2022-07-30 04:00:00.000,"32.74",KOTA CIREBON,Kenduruan,WEATHERHAZARD,"[108.568808, -6.71709499999999]",60,2022-07-30
6046966,2022-07-30 05:00:00.000,"32.74",KOTA CIREBON,Kenduruan,WEATHERHAZARD,"[108.568808, -6.71709499999999]",60,2022-07-30
6046967,2022-07-30 06:00:00.000,"32.74",KOTA CIREBON,Kenduruan,WEATHERHAZARD,"[108.568808, -6.71709499999999]",60,2022-07-30
6046968,2022-07-30 07:00:00.000,"32.74",KOTA CIREBON,Kenduruan,WEATHERHAZARD,"[108.568808, -6.71709499999999]",60,2022-07-30
6046969,2022-07-30 08:00:00.000,"32.74",KOTA CIREBON,Kenduruan,WEATHERHAZARD,"[108.568808, -6.71709499999999]",60,2022-07-30
6046970,2022-07-30 09:00:00.000,"32.74",KOTA CIREBON,Kenduruan,WEATHERHAZARD,"[108.568808, -6.71709499999999]",61,2022-07-30
6046971,2022-07-30 10:00:00.000,"32.74",KOTA CIREBON,Kenduruan,WEATHERHAZARD,"[108.568808, -6.71709499999999]",60,2022-07-30
6046972,2022-07-30 10:00:00.000,"32.74",KOTA CIREBON,N14 Jenderal Sudirman,JAM,"[108.53119400000003, -6.761585999999996]",28,2022-07-30
6046973,2022-07-30 11:00:00.000,"32.74",KOTA CIREBON,Kenduruan,WEATHERHAZARD,"[108.568808, -6.71709499999999]",60,2022-07-30
6046974,2022-07-30 11:00:00.000,"32.74",KOTA CIREBON,N14 Jenderal Sudirman,JAM,"[108.531194, -6.761586]",4,2022-07-30
6046975,2022-07-30 12:00:00.000,"32.74",KOTA CIREBON,Kenduruan,WEATHERHAZARD,"[108.568808, -6.71709499999999]",60,2022-07-30
6046976,2022-07-30 12:00:00.000,"32.74",KOTA CIREBON,Pangeran Cakrabuana,JAM,"[108.53172199999999, -6.747503]",5,2022-07-30
6046977,2022-07-30 12:00:00.000,"32.74",KOTA CIREBON,Pilang Raya,JAM,"[108.54481799999996, -6.702937999999998]",28,2022-07-30
6046978,2022-07-30 13:00:00.000,"32.74",KOTA CIREBON,Kenduruan,WEATHERHAZARD,"[108.568808, -6.71709499999999]",60,2022-07-30
6046979,2022-07-30 13:00:00.000,"32.74",KOTA CIREBON,N14 Jenderal Sudirman,JAM,"[108.54030000000006, -6.7507449999999976]",22,2022-07-30
6046980,2022-07-30 13:00:00.000,"32.74",KOTA CIREBON,N14 Kanggraksan,JAM,"[108.54345600000002, -6.744368]",11,2022-07-30
6046981,2022-07-30 14:00:00.000,"32.74",KOTA CIREBON,Kenduruan,WEATHERHAZARD,"[108.568808, -6.71709499999999]",60,2022-07-30
6046982,2022-07-30 14:00:00.000,"32.74",KOTA CIREBON,N14 Jenderal Sudirman,JAM,"[108.5403, -6.750745000000001]",9,2022-07-30
6046983,2022-07-30 14:00:00.000,"32.74",KOTA CIREBON,N14 Kanggraksan,JAM,"[108.54345600000003, -6.744367999999999]",21,2022-07-30
6046984,2022-07-30 14:00:00.000,"32.74",KOTA CIREBON,Sukalila Selatan,JAM,"[108.56088900000003, -6.714338999999999]",17,2022-07-30
6046985,2022-07-30 15:00:00.000,"32.74",KOTA CIREBON,Kenduruan,WEATHERHAZARD,"[108.568808, -6.71709499999999]",60,2022-07-30
6046986,2022-07-30 15:00:00.000,"32.74",KOTA CIREBON,N14 Kanggraksan,JAM,"[108.54386900000006, -6.743591000000003]",31,2022-07-30
6046987,2022-07-30 15:00:00.000,"32.74",KOTA CIREBON,Sukalila Selatan,JAM,"[108.56088900000003, -6.714338999999999]",15,2022-07-30
6046988,2022-07-30 16:00:00.000,"32.74",KOTA CIREBON,Kenduruan,WEATHERHAZARD,"[108.568808, -6.71709499999999]",60,2022-07-30
6046989,2022-07-30 17:00:00.000,"32.74",KOTA CIREBON,Kenduruan,WEATHERHAZARD,"[108.568808, -6.71709499999999]",60,2022-07-30
6046990,2022-07-30 17:00:00.000,"32.74",KOTA CIREBON,Nyi Mas Gandasari,JAM,"[108.55841899999997, -6.717714999999999]",30,2022-07-30
6046991,2022-07-30 18:00:00.000,"32.74",KOTA CIREBON,Kenduruan,WEATHERHAZARD,"[108.568808, -6.71709499999999]",61,2022-07-30
6046992,2022-07-30 19:00:00.000,"32.74",KOTA CIREBON,Kenduruan,WEATHERHAZARD,"[108.568808, -6.71709499999999]",60,2022-07-30
6046993,2022-07-30 20:00:00.000,"32.74",KOTA CIREBON,Kenduruan,WEATHERHAZARD,"[108.568808, -6.71709499999999]",60,2022-07-30
6046994,2022-07-30 21:00:00.000,"32.74",KOTA CIREBON,Kenduruan,WEATHERHAZARD,"[108.568808, -6.717094999999991]",59,2022-07-30
6046995,2022-07-30 22:00:00.000,"32.74",KOTA CIREBON,Kenduruan,WEATHERHAZARD,"[108.568808, -6.71709499999999]",61,2022-07-30
6046996,2022-07-30 23:00:00.000,"32.74",KOTA CIREBON,Kenduruan,WEATHERHAZARD,"[108.568808, -6.71709499999999]",60,2022-07-30
6051769,2022-07-31 00:00:00.000,"32.74",KOTA CIREBON,Kenduruan,WEATHERHAZARD,"[108.568808, -6.71709499999999]",60,2022-07-31
6051770,2022-07-31 01:00:00.000,"32.74",KOTA CIREBON,Kenduruan,WEATHERHAZARD,"[108.568808, -6.71709499999999]",60,2022-07-31
6051771,2022-07-31 02:00:00.000,"32.74",KOTA CIREBON,Kenduruan,WEATHERHAZARD,"[108.568808, -6.71709499999999]",60,2022-07-31
6051772,2022-07-31 03:00:00.000,"32.74",KOTA CIREBON,Kenduruan,WEATHERHAZARD,"[108.568808, -6.71709499999999]",60,2022-07-31
6051773,2022-07-31 04:00:00.000,"32.74",KOTA CIREBON,Kenduruan,WEATHERHAZARD,"[108.568808, -6.71709499999999]",60,2022-07-31
6051774,2022-07-31 05:00:00.000,"32.74",KOTA CIREBON,Kenduruan,WEATHERHAZARD,"[108.568808, -6.71709499999999]",61,2022-07-31
6051775,2022-07-31 06:00:00.000,"32.74",KOTA CIREBON,Kenduruan,WEATHERHAZARD,"[108.568808, -6.71709499999999]",60,2022-07-31
6051776,2022-07-31 07:00:00.000,"32.74",KOTA CIREBON,Kenduruan,WEATHERHAZARD,"[108.568808, -6.71709499999999]",60,2022-07-31
6051777,2022-07-31 08:00:00.000,"32.74",KOTA CIREBON,Kenduruan,WEATHERHAZARD,"[108.568808, -6.71709499999999]",60,2022-07-31
6051778,2022-07-31 09:00:00.000,"32.74",KOTA CIREBON,Kenduruan,WEATHERHAZARD,"[108.568808, -6.71709499999999]",60,2022-07-31
6051779,2022-07-31 10:00:00.000,"32.74",KOTA CIREBON,Kenduruan,WEATHERHAZARD,"[108.568808, -6.71709499999999]",60,2022-07-31
6051780,2022-07-31 11:00:00.000,"32.74",KOTA CIREBON,Kenduruan,WEATHERHAZARD,"[108.568808, -6.71709499999999]",60,2022-07-31
6051781,2022-07-31 12:00:00.000,"32.74",KOTA CIREBON,Kenduruan,WEATHERHAZARD,"[108.568808, -6.71709499999999]",60,2022-07-31
6051782,2022-07-31 13:00:00.000,"32.74",KOTA CIREBON,Kenduruan,WEATHERHAZARD,"[108.568808, -6.71709499999999]",60,2022-07-31
6051783,2022-07-31 13:00:00.000,"32.74",KOTA CIREBON,N14 Jenderal Sudirman,JAM,"[108.53115099999997, -6.761627000000001]",17,2022-07-31
6051784,2022-07-31 13:00:00.000,"32.74",KOTA CIREBON,Tuparev,JAM,"[108.54775800000002, -6.711779]",7,2022-07-31
6051785,2022-07-31 14:00:00.000,"32.74",KOTA CIREBON,Kenduruan,WEATHERHAZARD,"[108.568808, -6.71709499999999]",61,2022-07-31
6051786,2022-07-31 14:00:00.000,"32.74",KOTA CIREBON,Tuparev,JAM,"[108.54775800000003, -6.7117790000000035]",25,2022-07-31
6051787,2022-07-31 15:00:00.000,"32.74",KOTA CIREBON,Kenduruan,WEATHERHAZARD,"[108.568808, -6.71709499999999]",60,2022-07-31
6051788,2022-07-31 15:00:00.000,"32.74",KOTA CIREBON,N14 Jenderal Sudirman,WEATHERHAZARD,"[108.54068700000005, -6.750094999999997]",27,2022-07-31
6051789,2022-07-31 16:00:00.000,"32.74",KOTA CIREBON,Kenduruan,WEATHERHAZARD,"[108.568808, -6.71709499999999]",60,2022-07-31
6051790,2022-07-31 16:00:00.000,"32.74",KOTA CIREBON,N14 Jenderal Sudirman,WEATHERHAZARD,"[108.540687, -6.750095000000001]",6,2022-07-31
6051791,2022-07-31 17:00:00.000,"32.74",KOTA CIREBON,Kenduruan,WEATHERHAZARD,"[108.568808, -6.71709499999999]",60,2022-07-31
6051792,2022-07-31 17:00:00.000,"32.74",KOTA CIREBON,Raden Ajeng Kartini,JAM,"[108.5532656486487, -6.711613594594601]",37,2022-07-31
6051793,2022-07-31 18:00:00.000,"32.74",KOTA CIREBON,Kenduruan,WEATHERHAZARD,"[108.568808, -6.71709499999999]",60,2022-07-31
6051794,2022-07-31 18:00:00.000,"32.74",KOTA CIREBON,N14 Kanggraksan,JAM,"[108.54703900000003, -6.740785000000002]",15,2022-07-31
6051795,2022-07-31 19:00:00.000,"32.74",KOTA CIREBON,Kenduruan,WEATHERHAZARD,"[108.568808, -6.717094999999991]",59,2022-07-31
6051796,2022-07-31 19:00:00.000,"32.74",KOTA CIREBON,N14 Kanggraksan,JAM,"[108.54703900000003, -6.740785000000002]",17,2022-07-31
6051797,2022-07-31 20:00:00.000,"32.74",KOTA CIREBON,Kenduruan,WEATHERHAZARD,"[108.568808, -6.71709499999999]",60,2022-07-31
6051798,2022-07-31 21:00:00.000,"32.74",KOTA CIREBON,Kenduruan,WEATHERHAZARD,"[108.568808, -6.71709499999999]",60,2022-07-31
6051799,2022-07-31 22:00:00.000,"32.74",KOTA CIREBON,Kenduruan,WEATHERHAZARD,"[108.568808, -6.717094999999991]",59,2022-07-31
6051800,2022-07-31 23:00:00.000,"32.74",KOTA CIREBON,Kenduruan,WEATHERHAZARD,"[108.568808, -6.71709499999999]",60,2022-07-31
6056383,2022-08-01 00:00:00.000,"32.74",KOTA CIREBON,Kenduruan,WEATHERHAZARD,"[108.568808, -6.71709499999999]",60,2022-08-01
6056384,2022-08-01 01:00:00.000,"32.74",KOTA CIREBON,Kenduruan,WEATHERHAZARD,"[108.568808, -6.71709499999999]",61,2022-08-01
6056385,2022-08-01 02:00:00.000,"32.74",KOTA CIREBON,Kenduruan,WEATHERHAZARD,"[108.568808, -6.71709499999999]",61,2022-08-01
6056386,2022-08-01 03:00:00.000,"32.74",KOTA CIREBON,Kenduruan,WEATHERHAZARD,"[108.568808, -6.71709499999999]",60,2022-08-01
6056387,2022-08-01 04:00:00.000,"32.74",KOTA CIREBON,Kenduruan,WEATHERHAZARD,"[108.568808, -6.71709499999999]",60,2022-08-01
6056388,2022-08-01 05:00:00.000,"32.74",KOTA CIREBON,Kenduruan,WEATHERHAZARD,"[108.568808, -6.71709499999999]",60,2022-08-01
6056389,2022-08-01 06:00:00.000,"32.74",KOTA CIREBON,Kenduruan,WEATHERHAZARD,"[108.568808, -6.71709499999999]",60,2022-08-01
6056390,2022-08-01 07:00:00.000,"32.74",KOTA CIREBON,Kenduruan,WEATHERHAZARD,"[108.568808, -6.717094999999991]",57,2022-08-01
6056391,2022-08-01 08:00:00.000,"32.74",KOTA CIREBON,Kenduruan,WEATHERHAZARD,"[108.568808, -6.717094999999993]",51,2022-08-01
6056392,2022-08-01 09:00:00.000,"32.74",KOTA CIREBON,Kenduruan,WEATHERHAZARD,"[108.568808, -6.717094999999992]",55,2022-08-01
6056393,2022-08-01 10:00:00.000,"32.74",KOTA CIREBON,Kenduruan,WEATHERHAZARD,"[108.568808, -6.717094999999992]",56,2022-08-01
6056394,2022-08-01 11:00:00.000,"32.74",KOTA CIREBON,Kenduruan,WEATHERHAZARD,"[108.568808, -6.71709499999999]",60,2022-08-01
6056395,2022-08-01 12:00:00.000,"32.74",KOTA CIREBON,Kenduruan,WEATHERHAZARD,"[108.568808, -6.71709499999999]",60,2022-08-01
6056396,2022-08-01 13:00:00.000,"32.74",KOTA CIREBON,Kenduruan,WEATHERHAZARD,"[108.568808, -6.71709499999999]",60,2022-08-01
6056397,2022-08-01 14:00:00.000,"32.74",KOTA CIREBON,Kenduruan,WEATHERHAZARD,"[108.568808, -6.717094999999991]",59,2022-08-01
6056398,2022-08-01 15:00:00.000,"32.74",KOTA CIREBON,Kenduruan,WEATHERHAZARD,"[108.568808, -6.71709499999999]",60,2022-08-01
6056399,2022-08-01 15:00:00.000,"32.74",KOTA CIREBON,Pangeran Cakrabuana,JAM,"[108.52856900000002, -6.748187]",5,2022-08-01
6056400,2022-08-01 16:00:00.000,"32.74",KOTA CIREBON,Kenduruan,WEATHERHAZARD,"[108.568808, -6.717094999999991]",59,2022-08-01
6056401,2022-08-01 16:00:00.000,"32.74",KOTA CIREBON,Pangeran Cakrabuana,JAM,"[108.52856900000005, -6.748187000000001]",25,2022-08-01
6056402,2022-08-01 17:00:00.000,"32.74",KOTA CIREBON,Kenduruan,WEATHERHAZARD,"[108.568808, -6.71709499999999]",60,2022-08-01
6056403,2022-08-01 18:00:00.000,"32.74",KOTA CIREBON,Kenduruan,WEATHERHAZARD,"[108.568808, -6.717094999999991]",59,2022-08-01
6056404,2022-08-01 19:00:00.000,"32.74",KOTA CIREBON,Kenduruan,WEATHERHAZARD,"[108.568808, -6.71709499999999]",60,2022-08-01
6056405,2022-08-01 20:00:00.000,"32.74",KOTA CIREBON,Kenduruan,WEATHERHAZARD,"[108.568808, -6.71709499999999]",60,2022-08-01
6056406,2022-08-01 21:00:00.000,"32.74",KOTA CIREBON,Kenduruan,WEATHERHAZARD,"[108.568808, -6.71709499999999]",60,2022-08-01
6056407,2022-08-01 22:00:00.000,"32.74",KOTA CIREBON,Kenduruan,WEATHERHAZARD,"[108.568808, -6.71709499999999]",60,2022-08-01
6056408,2022-08-01 23:00:00.000,"32.74",KOTA CIREBON,Kenduruan,WEATHERHAZARD,"[108.568808, -6.71709499999999]",61,2022-08-01
6060937,2022-08-02 00:00:00.000,"32.74",KOTA CIREBON,Kenduruan,WEATHERHAZARD,"[108.568808, -6.71709499999999]",60,2022-08-02
6060938,2022-08-02 01:00:00.000,"32.74",KOTA CIREBON,Kenduruan,WEATHERHAZARD,"[108.568808, -6.71709499999999]",60,2022-08-02
6060939,2022-08-02 02:00:00.000,"32.74",KOTA CIREBON,Kenduruan,WEATHERHAZARD,"[108.568808, -6.71709499999999]",60,2022-08-02
6060940,2022-08-02 03:00:00.000,"32.74",KOTA CIREBON,Kenduruan,WEATHERHAZARD,"[108.568808, -6.71709499999999]",60,2022-08-02
6060941,2022-08-02 04:00:00.000,"32.74",KOTA CIREBON,Kenduruan,WEATHERHAZARD,"[108.568808, -6.71709499999999]",60,2022-08-02
6060942,2022-08-02 05:00:00.000,"32.74",KOTA CIREBON,Kenduruan,WEATHERHAZARD,"[108.568808, -6.71709499999999]",60,2022-08-02
6060943,2022-08-02 06:00:00.000,"32.74",KOTA CIREBON,Kenduruan,WEATHERHAZARD,"[108.568808, -6.71709499999999]",60,2022-08-02
6060944,2022-08-02 07:00:00.000,"32.74",KOTA CIREBON,Kenduruan,WEATHERHAZARD,"[108.568808, -6.71709499999999]",60,2022-08-02
6060945,2022-08-02 08:00:00.000,"32.74",KOTA CIREBON,Kenduruan,WEATHERHAZARD,"[108.568808, -6.71709499999999]",60,2022-08-02
6060946,2022-08-02 08:00:00.000,"32.74",KOTA CIREBON,Tol Palimanan-Kanci,WEATHERHAZARD,"[108.53702800000008, -6.770181000000003]",36,2022-08-02
6060947,2022-08-02 09:00:00.000,"32.74",KOTA CIREBON,Kenduruan,WEATHERHAZARD,"[108.568808, -6.71709499999999]",60,2022-08-02
6060948,2022-08-02 10:00:00.000,"32.74",KOTA CIREBON,Kenduruan,WEATHERHAZARD,"[108.568808, -6.71709499999999]",60,2022-08-02
6060949,2022-08-02 11:00:00.000,"32.74",KOTA CIREBON,Kenduruan,WEATHERHAZARD,"[108.568808, -6.71709499999999]",60,2022-08-02
6060950,2022-08-02 12:00:00.000,"32.74",KOTA CIREBON,Kenduruan,WEATHERHAZARD,"[108.568808, -6.71709499999999]",61,2022-08-02
6060951,2022-08-02 13:00:00.000,"32.74",KOTA CIREBON,Kenduruan,WEATHERHAZARD,"[108.568808, -6.71709499999999]",60,2022-08-02
6060952,2022-08-02 14:00:00.000,"32.74",KOTA CIREBON,Kenduruan,WEATHERHAZARD,"[108.568808, -6.717094999999991]",58,2022-08-02
6060953,2022-08-02 15:00:00.000,"32.74",KOTA CIREBON,Kenduruan,WEATHERHAZARD,"[108.568808, -6.71709499999999]",60,2022-08-02
6060954,2022-08-02 16:00:00.000,"32.74",KOTA CIREBON,Kenduruan,WEATHERHAZARD,"[108.568808, -6.71709499999999]",60,2022-08-02
6060955,2022-08-02 17:00:00.000,"32.74",KOTA CIREBON,Kenduruan,WEATHERHAZARD,"[108.56880800000002, -6.717094999999998]",42,2022-08-02
6065554,2022-08-03 04:00:00.000,"32.74",KOTA CIREBON,Tol Palimanan-Kanci,WEATHERHAZARD,"[108.54202699999999, -6.772637999999999]",21,2022-08-03
6065555,2022-08-03 05:00:00.000,"32.74",KOTA CIREBON,Tol Palimanan-Kanci,WEATHERHAZARD,"[108.54202700000015, -6.772637999999989]",60,2022-08-03
6065556,2022-08-03 06:00:00.000,"32.74",KOTA CIREBON,Tol Palimanan-Kanci,WEATHERHAZARD,"[108.54202700000015, -6.772637999999989]",60,2022-08-03
6065557,2022-08-03 07:00:00.000,"32.74",KOTA CIREBON,Tol Palimanan-Kanci,WEATHERHAZARD,"[108.54202700000015, -6.772637999999989]",60,2022-08-03
6065558,2022-08-03 08:00:00.000,"32.74",KOTA CIREBON,Tol Palimanan-Kanci,WEATHERHAZARD,"[108.54202700000013, -6.77263799999999]",59,2022-08-03
6065559,2022-08-03 09:00:00.000,"32.74",KOTA CIREBON,Tol Palimanan-Kanci,WEATHERHAZARD,"[108.54202700000015, -6.772637999999989]",60,2022-08-03
6065560,2022-08-03 10:00:00.000,"32.74",KOTA CIREBON,Tol Palimanan-Kanci,JAM,"[108.542524, -6.772846]",4,2022-08-03
6065561,2022-08-03 10:00:00.000,"32.74",KOTA CIREBON,Tol Palimanan-Kanci,WEATHERHAZARD,"[108.54202700000013, -6.77263799999999]",58,2022-08-03
6065562,2022-08-03 11:00:00.000,"32.74",KOTA CIREBON,Tol Palimanan-Kanci,JAM,"[108.542524, -6.772846]",2,2022-08-03
6065563,2022-08-03 11:00:00.000,"32.74",KOTA CIREBON,Tol Palimanan-Kanci,WEATHERHAZARD,"[108.54202700000015, -6.772637999999989]",60,2022-08-03
6065564,2022-08-03 12:00:00.000,"32.74",KOTA CIREBON,Tol Palimanan-Kanci,WEATHERHAZARD,"[108.54202700000015, -6.772637999999989]",61,2022-08-03
6065565,2022-08-03 13:00:00.000,"32.74",KOTA CIREBON,Tol Palimanan-Kanci,WEATHERHAZARD,"[108.54202700000013, -6.77263799999999]",59,2022-08-03
6065566,2022-08-03 14:00:00.000,"32.74",KOTA CIREBON,Tol Palimanan-Kanci,WEATHERHAZARD,"[108.54202700000015, -6.772637999999989]",60,2022-08-03
6065567,2022-08-03 15:00:00.000,"32.74",KOTA CIREBON,Tol Palimanan-Kanci,WEATHERHAZARD,"[108.54202700000015, -6.772637999999989]",60,2022-08-03
6065568,2022-08-03 16:00:00.000,"32.74",KOTA CIREBON,Tol Palimanan-Kanci,WEATHERHAZARD,"[108.54202700000012, -6.772637999999991]",55,2022-08-03
6065569,2022-08-03 17:00:00.000,"32.74",KOTA CIREBON,Tol Palimanan-Kanci,WEATHERHAZARD,"[108.54202700000013, -6.77263799999999]",57,2022-08-03
6065570,2022-08-03 18:00:00.000,"32.74",KOTA CIREBON,Tol Palimanan-Kanci,WEATHERHAZARD,"[108.54202700000013, -6.77263799999999]",58,2022-08-03
6065571,2022-08-03 19:00:00.000,"32.74",KOTA CIREBON,Tol Palimanan-Kanci,WEATHERHAZARD,"[108.54202700000006, -6.772637999999994]",46,2022-08-03
6065572,2022-08-03 20:00:00.000,"32.74",KOTA CIREBON,Tol Palimanan-Kanci,WEATHERHAZARD,"[108.54202700000015, -6.772637999999989]",60,2022-08-03
6065573,2022-08-03 21:00:00.000,"32.74",KOTA CIREBON,Tol Palimanan-Kanci,WEATHERHAZARD,"[108.54202700000009, -6.772637999999993]",50,2022-08-03
6065574,2022-08-03 23:00:00.000,"32.74",KOTA CIREBON,,JAM,"[108.55002599999993, -6.740084999999995]",31,2022-08-03
6070153,2022-08-04 08:00:00.000,"32.74",KOTA CIREBON,Tol Palimanan-Kanci,WEATHERHAZARD,"[108.54413000000008, -6.773433000000003]",33,2022-08-04
6070154,2022-08-04 09:00:00.000,"32.74",KOTA CIREBON,Tol Palimanan-Kanci,WEATHERHAZARD,"[108.54413000000015, -6.773433000000007]",60,2022-08-04
6070155,2022-08-04 10:00:00.000,"32.74",KOTA CIREBON,Tol Palimanan-Kanci,WEATHERHAZARD,"[108.54413000000015, -6.773433000000007]",60,2022-08-04
6070156,2022-08-04 11:00:00.000,"32.74",KOTA CIREBON,Tol Palimanan-Kanci,WEATHERHAZARD,"[108.54408535000016, -6.773418275000003]",80,2022-08-04
6070157,2022-08-04 12:00:00.000,"32.74",KOTA CIREBON,Tol Palimanan-Kanci,WEATHERHAZARD,"[108.54560856976761, -6.773750883720935]",86,2022-08-04
6070158,2022-08-04 13:00:00.000,"32.74",KOTA CIREBON,Tol Palimanan-Kanci,WEATHERHAZARD,"[108.54843750000025, -6.774366999999999]",120,2022-08-04
6070159,2022-08-04 14:00:00.000,"32.74",KOTA CIREBON,Tol Palimanan-Kanci,WEATHERHAZARD,"[108.54843750000025, -6.774366999999999]",120,2022-08-04
6070160,2022-08-04 15:00:00.000,"32.74",KOTA CIREBON,Pilang Raya,JAM,"[108.550089, -6.701081000000001]",6,2022-08-04
6070161,2022-08-04 15:00:00.000,"32.74",KOTA CIREBON,Tol Palimanan-Kanci,WEATHERHAZARD,"[108.54843750000025, -6.774366999999999]",120,2022-08-04
6070162,2022-08-04 16:00:00.000,"32.74",KOTA CIREBON,Pilang Raya,JAM,"[108.55008899999997, -6.701080999999998]",26,2022-08-04
6070163,2022-08-04 16:00:00.000,"32.74",KOTA CIREBON,Tol Palimanan-Kanci,WEATHERHAZARD,"[108.54874517857168, -6.774433714285716]",112,2022-08-04
6070164,2022-08-04 17:00:00.000,"32.74",KOTA CIREBON,Tol Palimanan-Kanci,WEATHERHAZARD,"[108.54928928571447, -6.774610848739502]",119,2022-08-04
6070165,2022-08-04 18:00:00.000,"32.74",KOTA CIREBON,Tol Palimanan-Kanci,WEATHERHAZARD,"[108.54926000000019, -6.774605000000006]",120,2022-08-04
6070166,2022-08-04 19:00:00.000,"32.74",KOTA CIREBON,Tol Palimanan-Kanci,WEATHERHAZARD,"[108.54926000000017, -6.774605000000006]",116,2022-08-04
6070167,2022-08-04 20:00:00.000,"32.74",KOTA CIREBON,Tol Palimanan-Kanci,WEATHERHAZARD,"[108.54926000000019, -6.774605000000006]",120,2022-08-04
6070168,2022-08-04 21:00:00.000,"32.74",KOTA CIREBON,Tol Palimanan-Kanci,WEATHERHAZARD,"[108.54926000000019, -6.774605000000006]",120,2022-08-04
6070169,2022-08-04 22:00:00.000,"32.74",KOTA CIREBON,Tol Palimanan-Kanci,WEATHERHAZARD,"[108.54926000000019, -6.774605000000006]",120,2022-08-04
6070170,2022-08-04 23:00:00.000,"32.74",KOTA CIREBON,Tol Palimanan-Kanci,WEATHERHAZARD,"[108.54926000000017, -6.774605000000006]",118,2022-08-04
6074848,2022-08-05 00:00:00.000,"32.74",KOTA CIREBON,Tol Palimanan-Kanci,WEATHERHAZARD,"[108.54877144859823, -6.7745074299065475]",107,2022-08-05
6074849,2022-08-05 01:00:00.000,"32.74",KOTA CIREBON,Tol Palimanan-Kanci,WEATHERHAZARD,"[108.54577499999988, -6.773909000000002]",59,2022-08-05
6074850,2022-08-05 02:00:00.000,"32.74",KOTA CIREBON,Tol Palimanan-Kanci,WEATHERHAZARD,"[108.54577499999986, -6.773909000000002]",60,2022-08-05
6074851,2022-08-05 03:00:00.000,"32.74",KOTA CIREBON,Tol Palimanan-Kanci,WEATHERHAZARD,"[108.54577499999986, -6.773909000000002]",60,2022-08-05
6074852,2022-08-05 04:00:00.000,"32.74",KOTA CIREBON,Tol Palimanan-Kanci,WEATHERHAZARD,"[108.54577499999988, -6.773909000000002]",58,2022-08-05
6074853,2022-08-05 05:00:00.000,"32.74",KOTA CIREBON,Tol Palimanan-Kanci,WEATHERHAZARD,"[108.54577499999986, -6.773909000000002]",60,2022-08-05
6074854,2022-08-05 06:00:00.000,"32.74",KOTA CIREBON,Tol Palimanan-Kanci,WEATHERHAZARD,"[108.54577499999986, -6.773909000000002]",60,2022-08-05
6074855,2022-08-05 07:00:00.000,"32.74",KOTA CIREBON,Tol Palimanan-Kanci,WEATHERHAZARD,"[108.54577500000003, -6.773909000000002]",37,2022-08-05
6074856,2022-08-05 08:00:00.000,"32.74",KOTA CIREBON,N14 Kanggraksan,JAM,"[108.54738799999997, -6.740464000000002]",31,2022-08-05
6074857,2022-08-05 08:00:00.000,"32.74",KOTA CIREBON,Tol Palimanan-Kanci,WEATHERHAZARD,"[108.54577500000003, -6.773909000000002]",37,2022-08-05
6074858,2022-08-05 16:00:00.000,"32.74",KOTA CIREBON,Tol Palimanan-Kanci,WEATHERHAZARD,"[108.547627, -6.774382000000001]",10,2022-08-05
6074859,2022-08-05 17:00:00.000,"32.74",KOTA CIREBON,Tol Palimanan-Kanci,WEATHERHAZARD,"[108.54762699999996, -6.774382000000002]",23,2022-08-05
6080044,2022-08-06 04:00:00.000,"32.74",KOTA CIREBON,,JAM,"[108.56376950819674, -6.71329508196721]",61,2022-08-06
6080045,2022-08-06 09:00:00.000,"32.74",KOTA CIREBON,Dokter Cipto Mangunkusumo,JAM,"[108.55082500000002, -6.714179000000001]",7,2022-08-06
6080046,2022-08-06 21:00:00.000,"32.74",KOTA CIREBON,,JAM,"[108.54910400000004, -6.717278999999998]",31,2022-08-06
6084847,2022-08-07 14:00:00.000,"32.74",KOTA CIREBON,,JAM,"[108.55035600000006, -6.718372999999994]",31,2022-08-07
6084848,2022-08-07 19:00:00.000,"32.74",KOTA CIREBON,Pemuda,ACCIDENT,"[108.547201, -6.729039999999999]",43,2022-08-07
6084849,2022-08-07 20:00:00.000,"32.74",KOTA CIREBON,Pemuda,ACCIDENT,"[108.54720100000009, -6.729039999999999]",60,2022-08-07
6084850,2022-08-07 20:00:00.000,"32.74",KOTA CIREBON,,JAM,"[108.55030600000006, -6.719088]",30,2022-08-07
6084851,2022-08-07 20:00:00.000,"32.74",KOTA CIREBON,,WEATHERHAZARD,"[108.550389, -6.719150000000004]",29,2022-08-07
6084852,2022-08-07 21:00:00.000,"32.74",KOTA CIREBON,Pemuda,ACCIDENT,"[108.54720100000003, -6.729039999999999]",19,2022-08-07
6084853,2022-08-07 23:00:00.000,"32.74",KOTA CIREBON,,ACCIDENT,"[108.57125700000005, -6.709418]",12,2022-08-07
6088809,2022-08-08 00:00:00.000,"32.74",KOTA CIREBON,,ACCIDENT,"[108.57125700000005, -6.709418]",18,2022-08-08
6088810,2022-08-08 09:00:00.000,"32.74",KOTA CIREBON,Tol Palimanan-Kanci,WEATHERHAZARD,"[108.54867699999988, -6.774586999999999]",41,2022-08-08
6088811,2022-08-08 10:00:00.000,"32.74",KOTA CIREBON,Tol Palimanan-Kanci,WEATHERHAZARD,"[108.54867699999984, -6.774586999999998]",61,2022-08-08
6088812,2022-08-08 11:00:00.000,"32.74",KOTA CIREBON,N1 Kalijaga,JAM,"[108.58831599999995, -6.749851000000004]",31,2022-08-08
6088813,2022-08-08 11:00:00.000,"32.74",KOTA CIREBON,Tol Palimanan-Kanci,WEATHERHAZARD,"[108.54867699999984, -6.774586999999998]",59,2022-08-08
6088814,2022-08-08 12:00:00.000,"32.74",KOTA CIREBON,N1 Kalijaga,ACCIDENT,"[108.587544, -6.748332000000003]",33,2022-08-08
6088815,2022-08-08 12:00:00.000,"32.74",KOTA CIREBON,N1 Kalijaga,JAM,"[108.58665913793105, -6.7468044482758645]",58,2022-08-08
6088816,2022-08-08 12:00:00.000,"32.74",KOTA CIREBON,Tol Palimanan-Kanci,WEATHERHAZARD,"[108.54867699999984, -6.774586999999998]",60,2022-08-08
6088817,2022-08-08 13:00:00.000,"32.74",KOTA CIREBON,N1 Kalijaga,ACCIDENT,"[108.587544, -6.748332000000004]",60,2022-08-08
6088818,2022-08-08 13:00:00.000,"32.74",KOTA CIREBON,N1 Kalijaga,JAM,"[108.58720254166663, -6.747860416666665]",48,2022-08-08
6088819,2022-08-08 13:00:00.000,"32.74",KOTA CIREBON,Tol Palimanan-Kanci,WEATHERHAZARD,"[108.54867699999984, -6.774586999999998]",60,2022-08-08
6088820,2022-08-08 14:00:00.000,"32.74",KOTA CIREBON,N1 Kalijaga,ACCIDENT,"[108.587544, -6.748332000000003]",28,2022-08-08
6088821,2022-08-08 14:00:00.000,"32.74",KOTA CIREBON,Tol Palimanan-Kanci,WEATHERHAZARD,"[108.54867699999984, -6.774586999999998]",60,2022-08-08
6088822,2022-08-08 15:00:00.000,"32.74",KOTA CIREBON,Tol Palimanan-Kanci,WEATHERHAZARD,"[108.54867699999984, -6.774586999999998]",60,2022-08-08
6088823,2022-08-08 16:00:00.000,"32.74",KOTA CIREBON,Pilang Raya,JAM,"[108.54640900000001, -6.702285000000002]",8,2022-08-08
6088824,2022-08-08 16:00:00.000,"32.74",KOTA CIREBON,Tol Palimanan-Kanci,WEATHERHAZARD,"[108.54867699999984, -6.774586999999998]",60,2022-08-08
6088825,2022-08-08 17:00:00.000,"32.74",KOTA CIREBON,Tol Palimanan-Kanci,WEATHERHAZARD,"[108.54886676271173, -6.774613999999999]",59,2022-08-08
6088826,2022-08-08 18:00:00.000,"32.74",KOTA CIREBON,Raden Ajeng Kartini,JAM,"[108.55779900000002, -6.71065]",8,2022-08-08
6088827,2022-08-08 18:00:00.000,"32.74",KOTA CIREBON,Tol Palimanan-Kanci,WEATHERHAZARD,"[108.55240899999991, -6.775118000000006]",60,2022-08-08
6088828,2022-08-08 19:00:00.000,"32.74",KOTA CIREBON,Raden Ajeng Kartini,JAM,"[108.55779900000003, -6.710649999999998]",24,2022-08-08
6088829,2022-08-08 19:00:00.000,"32.74",KOTA CIREBON,Tol Palimanan-Kanci,WEATHERHAZARD,"[108.55240899999991, -6.775118000000006]",60,2022-08-08
6088830,2022-08-08 20:00:00.000,"32.74",KOTA CIREBON,Tol Palimanan-Kanci,WEATHERHAZARD,"[108.55240899999991, -6.775118000000006]",60,2022-08-08
6088831,2022-08-08 21:00:00.000,"32.74",KOTA CIREBON,Tol Palimanan-Kanci,WEATHERHAZARD,"[108.55240899999991, -6.775118000000006]",60,2022-08-08
6088832,2022-08-08 22:00:00.000,"32.74",KOTA CIREBON,Tol Palimanan-Kanci,WEATHERHAZARD,"[108.55240899999991, -6.775118000000006]",60,2022-08-08
6088833,2022-08-08 23:00:00.000,"32.74",KOTA CIREBON,Tol Palimanan-Kanci,WEATHERHAZARD,"[108.55240899999991, -6.775118000000006]",59,2022-08-08
6093080,2022-08-09 00:00:00.000,"32.74",KOTA CIREBON,Tol Palimanan-Kanci,WEATHERHAZARD,"[108.55240899999991, -6.775118000000006]",60,2022-08-09
6093081,2022-08-09 01:00:00.000,"32.74",KOTA CIREBON,Tol Palimanan-Kanci,WEATHERHAZARD,"[108.55240899999991, -6.775118000000006]",60,2022-08-09
6093082,2022-08-09 02:00:00.000,"32.74",KOTA CIREBON,Tol Palimanan-Kanci,WEATHERHAZARD,"[108.55240899999991, -6.775118000000006]",60,2022-08-09
6093083,2022-08-09 03:00:00.000,"32.74",KOTA CIREBON,Tol Palimanan-Kanci,WEATHERHAZARD,"[108.55240899999991, -6.775118000000006]",60,2022-08-09
6093084,2022-08-09 04:00:00.000,"32.74",KOTA CIREBON,Tol Palimanan-Kanci,WEATHERHAZARD,"[108.55240899999991, -6.775118000000006]",60,2022-08-09
6093085,2022-08-09 05:00:00.000,"32.74",KOTA CIREBON,Tol Palimanan-Kanci,WEATHERHAZARD,"[108.55240899999991, -6.775118000000006]",60,2022-08-09
6093086,2022-08-09 06:00:00.000,"32.74",KOTA CIREBON,Tol Palimanan-Kanci,WEATHERHAZARD,"[108.55240899999991, -6.775118000000006]",60,2022-08-09
6093087,2022-08-09 07:00:00.000,"32.74",KOTA CIREBON,Tol Palimanan-Kanci,WEATHERHAZARD,"[108.55240899999991, -6.775118000000006]",60,2022-08-09
6093088,2022-08-09 08:00:00.000,"32.74",KOTA CIREBON,Tol Palimanan-Kanci,WEATHERHAZARD,"[108.55240899999991, -6.775118000000006]",59,2022-08-09
6093089,2022-08-09 09:00:00.000,"32.74",KOTA CIREBON,Tol Palimanan-Kanci,WEATHERHAZARD,"[108.55240899999991, -6.775118000000006]",59,2022-08-09
6093090,2022-08-09 10:00:00.000,"32.74",KOTA CIREBON,Tol Palimanan-Kanci,WEATHERHAZARD,"[108.55240899999991, -6.775118000000006]",60,2022-08-09
6093091,2022-08-09 11:00:00.000,"32.74",KOTA CIREBON,Tol Palimanan-Kanci,WEATHERHAZARD,"[108.55240899999991, -6.775118000000006]",59,2022-08-09
6093092,2022-08-09 12:00:00.000,"32.74",KOTA CIREBON,Tol Palimanan-Kanci,WEATHERHAZARD,"[108.55240899999991, -6.775118000000006]",60,2022-08-09
6093093,2022-08-09 13:00:00.000,"32.74",KOTA CIREBON,Tol Palimanan-Kanci,WEATHERHAZARD,"[108.55240899999991, -6.775118000000006]",60,2022-08-09
6093094,2022-08-09 14:00:00.000,"32.74",KOTA CIREBON,N14 Jenderal Ahmad Yani,JAM,"[108.54901099999998, -6.739815999999999]",7,2022-08-09
6093095,2022-08-09 14:00:00.000,"32.74",KOTA CIREBON,Tol Palimanan-Kanci,WEATHERHAZARD,"[108.55240899999991, -6.775118000000005]",58,2022-08-09
6093096,2022-08-09 15:00:00.000,"32.74",KOTA CIREBON,Tol Palimanan-Kanci,WEATHERHAZARD,"[108.55240899999991, -6.775118000000006]",60,2022-08-09
6093097,2022-08-09 16:00:00.000,"32.74",KOTA CIREBON,Tol Palimanan-Kanci,WEATHERHAZARD,"[108.55249025714285, -6.775122457142853]",35,2022-08-09
6093098,2022-08-09 17:00:00.000,"32.74",KOTA CIREBON,Tol Palimanan-Kanci,WEATHERHAZARD,"[108.55264600000008, -6.775130999999992]",60,2022-08-09
6093099,2022-08-09 18:00:00.000,"32.74",KOTA CIREBON,Tol Palimanan-Kanci,WEATHERHAZARD,"[108.55264600000008, -6.775130999999992]",60,2022-08-09
6093100,2022-08-09 19:00:00.000,"32.74",KOTA CIREBON,Tol Palimanan-Kanci,WEATHERHAZARD,"[108.55264600000001, -6.775131]",5,2022-08-09
6097526,2022-08-10 16:00:00.000,"32.74",KOTA CIREBON,Tol Palimanan-Kanci,WEATHERHAZARD,"[108.5391719999999, -6.771339000000005]",36,2022-08-10
6097527,2022-08-10 23:00:00.000,"32.74",KOTA CIREBON,Kecapi Mas 5,JAM,"[108.55309099999991, -6.742829]",32,2022-08-10
6102214,2022-08-11 10:00:00.000,"32.74",KOTA CIREBON,N1 Kasunean,JAM,"[108.575401, -6.726952]",4,2022-08-11
6102215,2022-08-11 11:00:00.000,"32.74",KOTA CIREBON,N1 Kasunean,JAM,"[108.57540100000004, -6.726952000000002]",27,2022-08-11
6102216,2022-08-11 23:00:00.000,"32.74",KOTA CIREBON,Tol Palimanan-Kanci,JAM,"[108.54124199999998, -6.772308]",5,2022-08-11
6107340,2022-08-12 10:00:00.000,"32.74",KOTA CIREBON,Kesambi,JAM,"[108.55888599999992, -6.7273369999999995]",62,2022-08-12
6107341,2022-08-12 10:00:00.000,"32.74",KOTA CIREBON,N14 Kanggraksan,JAM,"[108.54601099999995, -6.741440000000001]",24,2022-08-12
6107342,2022-08-12 11:00:00.000,"32.74",KOTA CIREBON,Dokter Cipto Mangunkusumo,JAM,"[108.55081, -6.712414]",1,2022-08-12
6107343,2022-08-12 11:00:00.000,"32.74",KOTA CIREBON,Dr Wahidin Sudirohusodo,WEATHERHAZARD,"[108.55103099999998, -6.709756]",29,2022-08-12
6107344,2022-08-12 11:00:00.000,"32.74",KOTA CIREBON,N14 Kanggraksan,JAM,"[108.54601100000001, -6.741439999999999]",8,2022-08-12
6107345,2022-08-12 11:00:00.000,"32.74",KOTA CIREBON,Pilang Raya,JAM,"[108.55064499999997, -6.701117]",25,2022-08-12
6107346,2022-08-12 12:00:00.000,"32.74",KOTA CIREBON,Dokter Cipto Mangunkusumo,JAM,"[108.55081000000001, -6.712413999999998]",24,2022-08-12
6107347,2022-08-12 12:00:00.000,"32.74",KOTA CIREBON,Dr Wahidin Sudirohusodo,JAM,"[108.55097500000001, -6.711325000000001]",13,2022-08-12
6107348,2022-08-12 12:00:00.000,"32.74",KOTA CIREBON,Mahoni Selatan,ACCIDENT,"[108.5311419999999, -6.741012000000007]",54,2022-08-12
6107349,2022-08-12 12:00:00.000,"32.74",KOTA CIREBON,N14 Kanggraksan,WEATHERHAZARD,"[108.54217299999995, -6.746877000000004]",31,2022-08-12
6107350,2022-08-12 13:00:00.000,"32.74",KOTA CIREBON,Kesambi,JAM,"[108.54837099999999, -6.739275]",24,2022-08-12
6107351,2022-08-12 13:00:00.000,"32.74",KOTA CIREBON,Mahoni Selatan,ACCIDENT,"[108.53114199999989, -6.7410120000000076]",60,2022-08-12
6107352,2022-08-12 13:00:00.000,"32.74",KOTA CIREBON,Tol Palimanan-Kanci,WEATHERHAZARD,"[108.55231200000001, -6.775254000000003]",15,2022-08-12
6107353,2022-08-12 14:00:00.000,"32.74",KOTA CIREBON,Kesambi,JAM,"[108.54837099999999, -6.739275]",7,2022-08-12
6107354,2022-08-12 14:00:00.000,"32.74",KOTA CIREBON,Mahoni Selatan,ACCIDENT,"[108.53114200000002, -6.741011999999999]",7,2022-08-12
6107355,2022-08-12 14:00:00.000,"32.74",KOTA CIREBON,Tol Palimanan-Kanci,WEATHERHAZARD,"[108.55144371428555, -6.775095000000007]",105,2022-08-12
6107356,2022-08-12 15:00:00.000,"32.74",KOTA CIREBON,Tol Palimanan-Kanci,WEATHERHAZARD,"[108.5522155238094, -6.775236333333338]",63,2022-08-12
6107357,2022-08-12 16:00:00.000,"32.74",KOTA CIREBON,Tol Palimanan-Kanci,WEATHERHAZARD,"[108.55231199999987, -6.775254000000005]",59,2022-08-12
6107358,2022-08-12 17:00:00.000,"32.74",KOTA CIREBON,Tol Palimanan-Kanci,WEATHERHAZARD,"[108.55231199999987, -6.775254000000005]",59,2022-08-12
6107359,2022-08-12 18:00:00.000,"32.74",KOTA CIREBON,Kesambi,JAM,"[108.55909199999999, -6.726946999999998]",19,2022-08-12
6107360,2022-08-12 18:00:00.000,"32.74",KOTA CIREBON,Tol Palimanan-Kanci,WEATHERHAZARD,"[108.55231199999987, -6.775254000000005]",61,2022-08-12
6107361,2022-08-12 19:00:00.000,"32.74",KOTA CIREBON,Kesambi,JAM,"[108.55909199999998, -6.726947]",12,2022-08-12
6107362,2022-08-12 19:00:00.000,"32.74",KOTA CIREBON,Tol Palimanan-Kanci,WEATHERHAZARD,"[108.55231199999987, -6.775254000000005]",59,2022-08-12
6107363,2022-08-12 20:00:00.000,"32.74",KOTA CIREBON,Tol Palimanan-Kanci,WEATHERHAZARD,"[108.55231199999987, -6.775254000000005]",60,2022-08-12
6107364,2022-08-12 21:00:00.000,"32.74",KOTA CIREBON,Tol Palimanan-Kanci,WEATHERHAZARD,"[108.55231199999987, -6.775254000000005]",60,2022-08-12
6107365,2022-08-12 22:00:00.000,"32.74",KOTA CIREBON,Tol Palimanan-Kanci,WEATHERHAZARD,"[108.55231199999987, -6.775254000000005]",60,2022-08-12
6107366,2022-08-12 23:00:00.000,"32.74",KOTA CIREBON,Tol Palimanan-Kanci,WEATHERHAZARD,"[108.55231199999987, -6.775254000000005]",60,2022-08-12
6112545,2022-08-13 00:00:00.000,"32.74",KOTA CIREBON,Tol Palimanan-Kanci,WEATHERHAZARD,"[108.55231199999987, -6.775254000000005]",59,2022-08-13
6112546,2022-08-13 01:00:00.000,"32.74",KOTA CIREBON,Tol Palimanan-Kanci,WEATHERHAZARD,"[108.5523119999999, -6.775254000000001]",47,2022-08-13
6112547,2022-08-13 08:00:00.000,"32.74",KOTA CIREBON,N1 Yos Sudarso,JAM,"[108.57060199999997, -6.718254000000001]",22,2022-08-13
6112548,2022-08-13 09:00:00.000,"32.74",KOTA CIREBON,N1 Yos Sudarso,JAM,"[108.570602, -6.718254000000001]",9,2022-08-13
6112549,2022-08-13 11:00:00.000,"32.74",KOTA CIREBON,,JAM,"[108.55118999999996, -6.700968000000002]",17,2022-08-13
6112550,2022-08-13 12:00:00.000,"32.74",KOTA CIREBON,Dokter Cipto Mangunkusumo,JAM,"[108.550144, -6.728089]",2,2022-08-13
6112551,2022-08-13 12:00:00.000,"32.74",KOTA CIREBON,N14 Kanggraksan,JAM,"[108.54521299999998, -6.741853999999998]",30,2022-08-13
6112552,2022-08-13 13:00:00.000,"32.74",KOTA CIREBON,Dokter Cipto Mangunkusumo,JAM,"[108.55014400000003, -6.728088999999998]",17,2022-08-13
6112553,2022-08-13 13:00:00.000,"32.74",KOTA CIREBON,Tentara Pelajar,JAM,"[108.55591499999997, -6.715629000000002]",17,2022-08-13
6112554,2022-08-13 13:00:00.000,"32.74",KOTA CIREBON,,JAM,"[108.551025, -6.701092000000002]",14,2022-08-13
6112555,2022-08-13 14:00:00.000,"32.74",KOTA CIREBON,Karanggetas,JAM,"[108.56241900000003, -6.714305999999997]",17,2022-08-13
6112556,2022-08-13 14:00:00.000,"32.74",KOTA CIREBON,Slamet Riyadi,JAM,"[108.55361900000001, -6.699739]",8,2022-08-13
6112557,2022-08-13 14:00:00.000,"32.74",KOTA CIREBON,Tentara Pelajar,JAM,"[108.55591499999997, -6.715629000000002]",15,2022-08-13
6112558,2022-08-13 14:00:00.000,"32.74",KOTA CIREBON,,JAM,"[108.55102500000001, -6.701092]",5,2022-08-13
6112559,2022-08-13 15:00:00.000,"32.74",KOTA CIREBON,Karanggetas,JAM,"[108.56241900000003, -6.714305999999997]",15,2022-08-13
6112560,2022-08-13 15:00:00.000,"32.74",KOTA CIREBON,Slamet Riyadi,JAM,"[108.55361899999998, -6.699738999999997]",23,2022-08-13
6112561,2022-08-13 20:00:00.000,"32.74",KOTA CIREBON,Raden Ajeng Kartini,JAM,"[108.55588799999997, -6.711074999999996]",31,2022-08-13
6112562,2022-08-13 23:00:00.000,"32.74",KOTA CIREBON,Kesambi,JAM,"[108.548966, -6.738459]",6,2022-08-13
6117011,2022-08-14 10:00:00.000,"32.74",KOTA CIREBON,N14 Kanggraksan,JAM,"[108.54398263157897, -6.743595368421051]",19,2022-08-14
6117012,2022-08-14 11:00:00.000,"32.74",KOTA CIREBON,N14 Kanggraksan,JAM,"[108.54345012903234, -6.7444704516129]",31,2022-08-14
6117013,2022-08-14 15:00:00.000,"32.74",KOTA CIREBON,Tol Palimanan-Kanci,JAM,"[108.55229399999999, -6.775252000000001]",7,2022-08-14
6121334,2022-08-15 08:00:00.000,"32.74",KOTA CIREBON,N14 Kanggraksan,JAM,"[108.54647400000007, -6.741211999999996]",30,2022-08-15
6121335,2022-08-15 11:00:00.000,"32.74",KOTA CIREBON,Kesambi,JAM,"[108.556188, -6.731132000000001]",8,2022-08-15
6121336,2022-08-15 12:00:00.000,"32.74",KOTA CIREBON,Kesambi,JAM,"[108.556188, -6.7311320000000014]",23,2022-08-15
6121337,2022-08-15 14:00:00.000,"32.74",KOTA CIREBON,Karanggetas,JAM,"[108.56224199999998, -6.713911999999995]",29,2022-08-15
6126221,2022-08-16 09:00:00.000,"32.74",KOTA CIREBON,Sonokeling 5,JAM,"[108.534359, -6.730031]",2,2022-08-16
6126222,2022-08-16 10:00:00.000,"32.74",KOTA CIREBON,Sonokeling 5,JAM,"[108.53435900000007, -6.730030999999998]",29,2022-08-16
6126223,2022-08-16 21:00:00.000,"32.74",KOTA CIREBON,,JAM,"[108.55073799999994, -6.692369000000006]",31,2022-08-16
6130326,2022-08-17 18:00:00.000,"32.74",KOTA CIREBON,,WEATHERHAZARD,"[108.553861, -6.775373000000001]",25,2022-08-17
6130327,2022-08-17 19:00:00.000,"32.74",KOTA CIREBON,,WEATHERHAZARD,"[108.553861, -6.775373000000001]",6,2022-08-17
6134030,2022-08-18 13:00:00.000,"32.74",KOTA CIREBON,N14 Jenderal Ahmad Yani,JAM,"[108.552359, -6.740373]",4,2022-08-18
6134031,2022-08-18 14:00:00.000,"32.74",KOTA CIREBON,N14 Jenderal Ahmad Yani,JAM,"[108.55235899999995, -6.7403730000000035]",27,2022-08-18
6134032,2022-08-18 15:00:00.000,"32.74",KOTA CIREBON,Jalan Lapangan Udara,WEATHERHAZARD,"[108.54108999999995, -6.750985999999998]",14,2022-08-18
6134033,2022-08-18 15:00:00.000,"32.74",KOTA CIREBON,N14 Jenderal Ahmad Yani,JAM,"[108.54984599999995, -6.739897000000003]",25,2022-08-18
6134034,2022-08-18 16:00:00.000,"32.74",KOTA CIREBON,Jalan Lapangan Udara,WEATHERHAZARD,"[108.54108999999995, -6.750985999999998]",16,2022-08-18
6134035,2022-08-18 16:00:00.000,"32.74",KOTA CIREBON,N14 Jenderal Ahmad Yani,JAM,"[108.549846, -6.739897]",6,2022-08-18
6134036,2022-08-18 17:00:00.000,"32.74",KOTA CIREBON,Penggung Raya,JAM,"[108.548544, -6.743904999999999]",7,2022-08-18
6134037,2022-08-18 18:00:00.000,"32.74",KOTA CIREBON,Penggung Raya,JAM,"[108.54854400000005, -6.743905000000002]",25,2022-08-18
6138688,2022-08-19 00:00:00.000,"32.74",KOTA CIREBON,Sutawinangun,JAM,"[108.54833099999999, -6.716040999999999]",10,2022-08-19
6138689,2022-08-19 01:00:00.000,"32.74",KOTA CIREBON,Sutawinangun,JAM,"[108.54833099999999, -6.716041000000001]",21,2022-08-19
6138690,2022-08-19 13:00:00.000,"32.74",KOTA CIREBON,N14 Jenderal Sudirman,JAM,"[108.531605, -6.761178999999999]",24,2022-08-19
6138691,2022-08-19 14:00:00.000,"32.74",KOTA CIREBON,N14 Jenderal Sudirman,JAM,"[108.531605, -6.761178999999999]",7,2022-08-19
6138692,2022-08-19 14:00:00.000,"32.74",KOTA CIREBON,Slamet Riyadi,JAM,"[108.55251999999999, -6.700024]",7,2022-08-19
6138693,2022-08-19 15:00:00.000,"32.74",KOTA CIREBON,Lawang Gada,JAM,"[108.56288399999995, -6.7247910000000015]",30,2022-08-19
6138694,2022-08-19 22:00:00.000,"32.74",KOTA CIREBON,N1 Kapten Samadikun,JAM,"[108.559706, -6.698144999999999]",5,2022-08-19
6143491,2022-08-20 14:00:00.000,"32.74",KOTA CIREBON,Perjuangan,JAM,"[108.53029599999994, -6.736461999999997]",31,2022-08-20
6143492,2022-08-20 20:00:00.000,"32.74",KOTA CIREBON,N1 Jalan Raya Sunan Gunung Jati,JAM,"[108.553414, -6.696968]",5,2022-08-20
6147809,2022-08-21 14:00:00.000,"32.74",KOTA CIREBON,Tol Palimanan-Kanci,WEATHERHAZARD,"[108.55260599999998, -6.775285999999997]",19,2022-08-21
6147810,2022-08-21 15:00:00.000,"32.74",KOTA CIREBON,Tol Palimanan-Kanci,WEATHERHAZARD,"[108.552606, -6.7752859999999995]",10,2022-08-21
6147811,2022-08-21 19:00:00.000,"32.74",KOTA CIREBON,Murai 2,JAM,"[108.56556700000007, -6.737087000000002]",30,2022-08-21
6152132,2022-08-22 11:00:00.000,"32.74",KOTA CIREBON,Bima,JAM,"[108.553907, -6.713699999999997]",31,2022-08-22
6156434,2022-08-23 12:00:00.000,"32.74",KOTA CIREBON,,JAM,"[108.57932600000002, -6.741408000000004]",30,2022-08-23
6156435,2022-08-23 13:00:00.000,"32.74",KOTA CIREBON,N1 Kalijaga,JAM,"[108.57795899999998, -6.7320129999999985]",15,2022-08-23
6156436,2022-08-23 14:00:00.000,"32.74",KOTA CIREBON,Kesambi,JAM,"[108.55107100000002, -6.735705]",14,2022-08-23
6156437,2022-08-23 14:00:00.000,"32.74",KOTA CIREBON,N1 Kalijaga,JAM,"[108.57795899999998, -6.7320129999999985]",16,2022-08-23
6156438,2022-08-23 15:00:00.000,"32.74",KOTA CIREBON,Kesambi,JAM,"[108.55107100000004, -6.735704999999999]",17,2022-08-23
6156439,2022-08-23 17:00:00.000,"32.74",KOTA CIREBON,N1 Kalijaga,JAM,"[108.58456052747258, -6.743123021978028]",91,2022-08-23
6160953,2022-08-24 00:00:00.000,"32.74",KOTA CIREBON,N1 Kalijaga,JAM,"[108.58828499999996, -6.750189000000004]",29,2022-08-24
6160954,2022-08-24 00:00:00.000,"32.74",KOTA CIREBON,,ACCIDENT,"[108.576004, -6.724427999999996]",35,2022-08-24
6160955,2022-08-24 01:00:00.000,"32.74",KOTA CIREBON,N1 Kalijaga,JAM,"[108.588285, -6.750189]",2,2022-08-24
6160956,2022-08-24 01:00:00.000,"32.74",KOTA CIREBON,,ACCIDENT,"[108.57600399999983, -6.724427999999993]",60,2022-08-24
6160957,2022-08-24 02:00:00.000,"32.74",KOTA CIREBON,,ACCIDENT,"[108.576004, -6.724428]",25,2022-08-24
6160958,2022-08-24 10:00:00.000,"32.74",KOTA CIREBON,Tol Palimanan-Kanci,WEATHERHAZARD,"[108.54830799999993, -6.774515]",26,2022-08-24
6160959,2022-08-24 11:00:00.000,"32.74",KOTA CIREBON,Taman Ade Irma Suryani,JAM,"[108.57225999999996, -6.717732999999999]",21,2022-08-24
6160960,2022-08-24 11:00:00.000,"32.74",KOTA CIREBON,Tol Palimanan-Kanci,WEATHERHAZARD,"[108.54830800000009, -6.7745150000000045]",60,2022-08-24
6160961,2022-08-24 12:00:00.000,"32.74",KOTA CIREBON,Taman Ade Irma Suryani,JAM,"[108.57226, -6.717733000000001]",10,2022-08-24
6160962,2022-08-24 12:00:00.000,"32.74",KOTA CIREBON,Tol Palimanan-Kanci,WEATHERHAZARD,"[108.54830800000009, -6.7745150000000045]",60,2022-08-24
6160963,2022-08-24 13:00:00.000,"32.74",KOTA CIREBON,Tol Palimanan-Kanci,WEATHERHAZARD,"[108.54830800000009, -6.7745150000000045]",60,2022-08-24
6160964,2022-08-24 14:00:00.000,"32.74",KOTA CIREBON,Tol Palimanan-Kanci,ACCIDENT,"[108.53661049999998, -6.770133583333333]",12,2022-08-24
6160965,2022-08-24 14:00:00.000,"32.74",KOTA CIREBON,Tol Palimanan-Kanci,WEATHERHAZARD,"[108.54830800000009, -6.7745150000000045]",60,2022-08-24
6160966,2022-08-24 15:00:00.000,"32.74",KOTA CIREBON,Tol Palimanan-Kanci,ACCIDENT,"[108.5375158086957, -6.770537121739135]",115,2022-08-24
6160967,2022-08-24 15:00:00.000,"32.74",KOTA CIREBON,Tol Palimanan-Kanci,JAM,"[108.538115, -6.770768000000003]",24,2022-08-24
6160968,2022-08-24 15:00:00.000,"32.74",KOTA CIREBON,Tol Palimanan-Kanci,WEATHERHAZARD,"[108.54830800000009, -6.7745150000000045]",60,2022-08-24
6160969,2022-08-24 16:00:00.000,"32.74",KOTA CIREBON,N1 Jalan Raya Sunan Gunung Jati,JAM,"[108.55189199999997, -6.694106000000003]",30,2022-08-24
6160970,2022-08-24 16:00:00.000,"32.74",KOTA CIREBON,Tol Palimanan-Kanci,ACCIDENT,"[108.53857500000002, -6.771016000000002]",28,2022-08-24
6160971,2022-08-24 16:00:00.000,"32.74",KOTA CIREBON,Tol Palimanan-Kanci,WEATHERHAZARD,"[108.54830799999993, -6.774515000000001]",29,2022-08-24
6165568,2022-08-25 09:00:00.000,"32.74",KOTA CIREBON,Tol Palimanan-Kanci,WEATHERHAZARD,"[108.55069, -6.774939999999999]",20,2022-08-25
6165569,2022-08-25 10:00:00.000,"32.74",KOTA CIREBON,Tol Palimanan-Kanci,WEATHERHAZARD,"[108.55069000000002, -6.774940000000002]",60,2022-08-25
6165570,2022-08-25 11:00:00.000,"32.74",KOTA CIREBON,Tol Palimanan-Kanci,WEATHERHAZARD,"[108.55069000000002, -6.774940000000002]",60,2022-08-25
6165571,2022-08-25 12:00:00.000,"32.74",KOTA CIREBON,Hakabepe,JAM,"[108.55028700000001, -6.708844999999998]",9,2022-08-25
6165572,2022-08-25 12:00:00.000,"32.74",KOTA CIREBON,Tol Palimanan-Kanci,WEATHERHAZARD,"[108.55069000000002, -6.774940000000002]",58,2022-08-25
6165573,2022-08-25 13:00:00.000,"32.74",KOTA CIREBON,Hakabepe,JAM,"[108.55028700000001, -6.7088449999999975]",23,2022-08-25
6165574,2022-08-25 13:00:00.000,"32.74",KOTA CIREBON,Tol Palimanan-Kanci,WEATHERHAZARD,"[108.55069000000002, -6.774940000000002]",60,2022-08-25
6165575,2022-08-25 14:00:00.000,"32.74",KOTA CIREBON,Tol Palimanan-Kanci,WEATHERHAZARD,"[108.55069000000002, -6.774940000000002]",60,2022-08-25
6165576,2022-08-25 15:00:00.000,"32.74",KOTA CIREBON,Tol Palimanan-Kanci,WEATHERHAZARD,"[108.55069000000002, -6.774940000000002]",60,2022-08-25
6165577,2022-08-25 16:00:00.000,"32.74",KOTA CIREBON,Tol Palimanan-Kanci,WEATHERHAZARD,"[108.55069000000002, -6.774940000000002]",60,2022-08-25
6165578,2022-08-25 17:00:00.000,"32.74",KOTA CIREBON,Tol Palimanan-Kanci,WEATHERHAZARD,"[108.55069000000002, -6.774940000000002]",60,2022-08-25
6165579,2022-08-25 18:00:00.000,"32.74",KOTA CIREBON,Tol Palimanan-Kanci,WEATHERHAZARD,"[108.55068999999999, -6.77494]",3,2022-08-25
6170609,2022-08-26 15:00:00.000,"32.74",KOTA CIREBON,Suratno,JAM,"[108.56059099999996, -6.706996000000003]",31,2022-08-26
6170610,2022-08-26 17:00:00.000,"32.74",KOTA CIREBON,N1 Kalijaga,JAM,"[108.58610225000007, -6.745692281250001]",64,2022-08-26
6170611,2022-08-26 18:00:00.000,"32.74",KOTA CIREBON,N1 Kalijaga,JAM,"[108.58669867741942, -6.746793419354842]",62,2022-08-26
6176290,2022-08-27 13:00:00.000,"32.74",KOTA CIREBON,Siliwangi,WEATHERHAZARD,"[108.55640700000002, -6.703230999999995]",34,2022-08-27
6176291,2022-08-27 14:00:00.000,"32.74",KOTA CIREBON,Siliwangi,WEATHERHAZARD,"[108.556407, -6.703231]",6,2022-08-27
6176292,2022-08-27 16:00:00.000,"32.74",KOTA CIREBON,N14 Kanggraksan,JAM,"[108.54500199999994, -6.742007999999999]",30,2022-08-27
6176293,2022-08-27 17:00:00.000,"32.74",KOTA CIREBON,N14 Jenderal Sudirman,JAM,"[108.53164999999994, -6.761128999999998]",19,2022-08-27
6176294,2022-08-27 21:00:00.000,"32.74",KOTA CIREBON,Siliwangi,JAM,"[108.55867500000006, -6.707574999999999]",28,2022-08-27
6176295,2022-08-27 22:00:00.000,"32.74",KOTA CIREBON,Siliwangi,JAM,"[108.558675, -6.707575000000001]",3,2022-08-27
6181500,2022-08-28 08:00:00.000,"32.74",KOTA CIREBON,N14 Jenderal Ahmad Yani,JAM,"[108.574924, -6.742296000000001]",28,2022-08-28
6181501,2022-08-28 09:00:00.000,"32.74",KOTA CIREBON,N14 Jenderal Ahmad Yani,JAM,"[108.574924, -6.742296]",3,2022-08-28
6185899,2022-08-29 08:00:00.000,"32.74",KOTA CIREBON,Perjuangan,JAM,"[108.53062, -6.736459999999996]",30,2022-08-29
6185900,2022-08-29 14:00:00.000,"32.74",KOTA CIREBON,Ariodinoto,JAM,"[108.570534, -6.72398]",3,2022-08-29
6185901,2022-08-29 14:00:00.000,"32.74",KOTA CIREBON,Lawang Gada,JAM,"[108.562271, -6.724851]",1,2022-08-29
6185902,2022-08-29 14:00:00.000,"32.74",KOTA CIREBON,N1 Kalijaga,JAM,"[108.57865530769229, -6.733157923076922]",13,2022-08-29
6185903,2022-08-29 14:00:00.000,"32.74",KOTA CIREBON,N1 Kasunean,JAM,"[108.575113, -6.726147]",4,2022-08-29
6185904,2022-08-29 15:00:00.000,"32.74",KOTA CIREBON,Ariodinoto,JAM,"[108.57053399999997, -6.723980000000003]",30,2022-08-29
6185905,2022-08-29 15:00:00.000,"32.74",KOTA CIREBON,Lawang Gada,JAM,"[108.56227099999991, -6.724851]",31,2022-08-29
6185906,2022-08-29 15:00:00.000,"32.74",KOTA CIREBON,N1 Kalijaga,JAM,"[108.578606, -6.733076999999998]",50,2022-08-29
6185907,2022-08-29 15:00:00.000,"32.74",KOTA CIREBON,N1 Kasunean,JAM,"[108.57511299999999, -6.726146999999998]",27,2022-08-29
6185908,2022-08-29 15:00:00.000,"32.74",KOTA CIREBON,Tentara Pelajar,JAM,"[108.55459599999996, -6.715193999999998]",30,2022-08-29
6185909,2022-08-29 16:00:00.000,"32.74",KOTA CIREBON,N1 Kalijaga,JAM,"[108.58672439344272, -6.746726622950821]",61,2022-08-29
6185910,2022-08-29 20:00:00.000,"32.74",KOTA CIREBON,Stadion Bima,JAM,"[108.53601131250004, -6.729399874999999]",32,2022-08-29
6190548,2022-08-30 09:00:00.000,"32.74",KOTA CIREBON,Gang Kemakmuran,JAM,"[108.57669500000004, -6.7304200000000005]",26,2022-08-30
6190549,2022-08-30 10:00:00.000,"32.74",KOTA CIREBON,Gang Kemakmuran,JAM,"[108.576695, -6.73042]",5,2022-08-30
6190550,2022-08-30 17:00:00.000,"32.74",KOTA CIREBON,N1 Kalijaga,JAM,"[108.58410000000002, -6.742399000000004]",30,2022-08-30
6190551,2022-08-30 18:00:00.000,"32.74",KOTA CIREBON,N1 Kalijaga,JAM,"[108.58410000000002, -6.742399]",9,2022-08-30
6195395,2022-08-31 14:00:00.000,"32.74",KOTA CIREBON,Dokter Cipto Mangunkusumo,JAM,"[108.550506, -6.722646]",5,2022-08-31
6195396,2022-08-31 15:00:00.000,"32.74",KOTA CIREBON,Dokter Cipto Mangunkusumo,JAM,"[108.55050600000003, -6.722645999999998]",27,2022-08-31
6195397,2022-08-31 18:00:00.000,"32.74",KOTA CIREBON,N1 Kalijaga,JAM,"[108.58741899999997, -6.748086]",29,2022-08-31
6200479,2022-09-01 12:00:00.000,"32.74",KOTA CIREBON,N14 Jenderal Ahmad Yani,JAM,"[108.55858048648656, -6.74132575675675]",37,2022-09-01
6205387,2022-09-02 07:00:00.000,"32.74",KOTA CIREBON,Tol Palimanan-Kanci,ACCIDENT,"[108.55472900000008, -6.775238000000001]",50,2022-09-02
6205388,2022-09-02 08:00:00.000,"32.74",KOTA CIREBON,Tol Palimanan-Kanci,ACCIDENT,"[108.55472900000014, -6.775238000000001]",60,2022-09-02
6205389,2022-09-02 09:00:00.000,"32.74",KOTA CIREBON,Tol Palimanan-Kanci,ACCIDENT,"[108.55508423255807, -6.7752566046511635]",43,2022-09-02
6205390,2022-09-02 09:00:00.000,"32.74",KOTA CIREBON,Tol Palimanan-Kanci,JAM,"[108.54846999999998, -6.774546999999999]",8,2022-09-02
6205391,2022-09-02 10:00:00.000,"32.74",KOTA CIREBON,Tol Palimanan-Kanci,ACCIDENT,"[108.55533999999992, -6.775269999999995]",60,2022-09-02
6205392,2022-09-02 10:00:00.000,"32.74",KOTA CIREBON,Tol Palimanan-Kanci,JAM,"[108.54847000000001, -6.774547000000002]",24,2022-09-02
6205393,2022-09-02 11:00:00.000,"32.74",KOTA CIREBON,Tol Palimanan-Kanci,ACCIDENT,"[108.55533999999993, -6.775270000000004]",33,2022-09-02
6211002,2022-09-03 11:00:00.000,"32.74",KOTA CIREBON,,JAM,"[108.54757800000006, -6.705338000000003]",30,2022-09-03
6211003,2022-09-03 12:00:00.000,"32.74",KOTA CIREBON,,JAM,"[108.547578, -6.705338]",1,2022-09-03
6211004,2022-09-03 13:00:00.000,"32.74",KOTA CIREBON,N14 Kanggraksan,JAM,"[108.54260400000001, -6.745983999999997]",21,2022-09-03
6211005,2022-09-03 13:00:00.000,"32.74",KOTA CIREBON,Tol Palimanan-Kanci,JAM,"[108.536059, -6.769574]",5,2022-09-03
6211006,2022-09-03 14:00:00.000,"32.74",KOTA CIREBON,N14 Kanggraksan,JAM,"[108.54383833333335, -6.744420666666666]",15,2022-09-03
6211007,2022-09-03 15:00:00.000,"32.74",KOTA CIREBON,N14 Kanggraksan,JAM,"[108.54630700000004, -6.741294000000001]",26,2022-09-03
6216402,2022-09-04 15:00:00.000,"32.74",KOTA CIREBON,Dokter Cipto Mangunkusumo,JAM,"[108.55049818666674, -6.72034989333333]",75,2022-09-04
6216403,2022-09-04 16:00:00.000,"32.74",KOTA CIREBON,Indah,JAM,"[108.55006200000001, -6.727347000000001]",9,2022-09-04
6216404,2022-09-04 17:00:00.000,"32.74",KOTA CIREBON,Indah,JAM,"[108.55006199999998, -6.727346999999998]",22,2022-09-04
